-- phpMyAdmin SQL Dump
-- version 4.9.0.1
-- https://www.phpmyadmin.net/
--
-- Host: sql306.infinityfree.com
-- Generation Time: Jan 05, 2026 at 08:05 AM
-- Server version: 11.4.9-MariaDB
-- PHP Version: 7.2.22

SET SQL_MODE = "NO_AUTO_VALUE_ON_ZERO";
SET AUTOCOMMIT = 0;
START TRANSACTION;
SET time_zone = "+00:00";


/*!40101 SET @OLD_CHARACTER_SET_CLIENT=@@CHARACTER_SET_CLIENT */;
/*!40101 SET @OLD_CHARACTER_SET_RESULTS=@@CHARACTER_SET_RESULTS */;
/*!40101 SET @OLD_COLLATION_CONNECTION=@@COLLATION_CONNECTION */;
/*!40101 SET NAMES utf8mb4 */;

--
-- Database: `if0_40602930_matriflow_db`
--

-- --------------------------------------------------------

--
-- Table structure for table `appointment`
--

CREATE TABLE `appointment` (
  `appointment_id` int(11) NOT NULL,
  `patient_id` int(11) NOT NULL,
  `doctor_user_id` int(11) DEFAULT NULL,
  `appointment_purpose` varchar(100) DEFAULT NULL,
  `appointment_status` enum('scheduled','completed','cancelled','no_show') NOT NULL,
  `reminder_sent` tinyint(1) NOT NULL DEFAULT 0,
  `appointment_date` datetime NOT NULL,
  `created_at` datetime NOT NULL DEFAULT current_timestamp(),
  `updated_at` datetime NOT NULL DEFAULT current_timestamp() ON UPDATE current_timestamp(),
  `deleted_at` datetime DEFAULT NULL
) ENGINE=InnoDB DEFAULT CHARSET=utf8mb4 COLLATE=utf8mb4_unicode_ci;

--
-- Dumping data for table `appointment`
--

INSERT INTO `appointment` (`appointment_id`, `patient_id`, `doctor_user_id`, `appointment_purpose`, `appointment_status`, `reminder_sent`, `appointment_date`, `created_at`, `updated_at`, `deleted_at`) VALUES
(1, 8, 2, 'Test', 'cancelled', 0, '2026-01-10 16:40:00', '2026-01-03 16:37:44', '2026-01-05 18:06:57', NULL),
(2, 10, 15, 'test', 'scheduled', 0, '2026-01-06 15:00:00', '2026-01-05 12:43:10', '2026-01-05 12:43:10', NULL),
(3, 8, 2, 'test', 'cancelled', 0, '2026-01-05 16:30:00', '2026-01-05 18:06:06', '2026-01-05 18:06:49', NULL),
(4, 8, 2, 'test3', 'cancelled', 0, '2026-01-10 16:30:00', '2026-01-05 18:06:29', '2026-01-05 18:06:54', NULL);

-- --------------------------------------------------------

--
-- Table structure for table `audit_log`
--

CREATE TABLE `audit_log` (
  `audit_log_id` int(11) NOT NULL,
  `user_id` int(11) DEFAULT NULL,
  `table_name` varchar(100) DEFAULT NULL,
  `operation` enum('INSERT','UPDATE','DELETE','LOGIN','LOGOUT') DEFAULT NULL,
  `record_id` int(11) DEFAULT NULL,
  `changes_made` text DEFAULT NULL,
  `ip_address` varchar(45) DEFAULT NULL,
  `logged_at` datetime DEFAULT current_timestamp()
) ENGINE=InnoDB DEFAULT CHARSET=utf8mb4 COLLATE=utf8mb4_general_ci;

--
-- Dumping data for table `audit_log`
--

INSERT INTO `audit_log` (`audit_log_id`, `user_id`, `table_name`, `operation`, `record_id`, `changes_made`, `ip_address`, `logged_at`) VALUES
(1, 1, 'user', 'LOGIN', 1, 'success', '180.190.142.242', '2025-12-28 23:50:47'),
(2, 1, 'user', 'LOGIN', 1, '2fa_ok', '180.190.142.242', '2025-12-28 23:51:06'),
(3, 1, NULL, 'LOGOUT', NULL, NULL, '180.190.142.242', '2025-12-28 23:55:17'),
(4, 1, 'user', 'LOGIN', 1, 'success', '180.190.142.242', '2025-12-28 23:55:26'),
(5, 1, 'user', 'LOGIN', 1, '2fa_failed', '180.190.142.242', '2025-12-28 23:55:39'),
(6, 1, 'user', 'LOGIN', 1, '2fa_ok', '180.190.142.242', '2025-12-28 23:55:48'),
(7, 1, NULL, 'LOGOUT', NULL, NULL, '180.190.142.242', '2025-12-28 23:58:37'),
(8, 1, 'user', 'LOGIN', 1, 'success', '180.190.142.242', '2025-12-28 23:58:44'),
(9, 1, 'user', 'LOGIN', 1, '2fa_ok', '180.190.142.242', '2025-12-28 23:58:50'),
(10, 1, NULL, 'LOGOUT', NULL, NULL, '180.190.142.242', '2025-12-29 00:00:00'),
(11, 1, 'user', 'LOGIN', 1, 'success', '180.190.142.242', '2025-12-29 00:00:08'),
(12, 1, 'user', 'LOGIN', 1, '2fa_ok', '180.190.142.242', '2025-12-29 00:00:14'),
(13, 1, 'user', 'LOGIN', 1, 'success', '180.190.142.242', '2025-12-29 00:01:26'),
(14, 1, 'user', 'LOGIN', 1, '2fa_ok', '180.190.142.242', '2025-12-29 07:01:34'),
(15, 1, NULL, 'LOGOUT', NULL, NULL, '180.190.142.242', '2025-12-29 00:03:08'),
(16, 1, 'user', 'LOGIN', 1, 'failed_login', '180.190.142.242', '2025-12-29 00:10:01'),
(17, 5, 'user', 'INSERT', 5, 'patient_registration', '180.190.142.242', '2025-12-29 00:25:31'),
(18, 5, 'patient', 'INSERT', 1, 'patient_profile_created', '180.190.142.242', '2025-12-29 00:25:31'),
(19, 5, 'user', 'UPDATE', 5, '2fa_enabled', '180.190.142.242', '2025-12-29 00:26:15'),
(20, 5, NULL, 'LOGOUT', NULL, NULL, '180.190.142.242', '2025-12-29 00:26:27'),
(21, 5, 'user', 'LOGIN', 5, 'success', '180.190.142.242', '2025-12-29 00:26:37'),
(22, 5, 'user', 'LOGIN', 5, '2fa_ok', '180.190.142.242', '2025-12-29 00:26:46'),
(23, 5, NULL, 'LOGOUT', NULL, NULL, '180.190.142.242', '2025-12-29 00:26:49'),
(24, NULL, 'user', 'INSERT', 6, 'patient_registration', '180.190.142.242', '2025-12-29 00:30:46'),
(25, NULL, 'patient', 'INSERT', 2, 'patient_profile_created', '180.190.142.242', '2025-12-29 00:30:46'),
(26, NULL, 'user', 'UPDATE', 6, '2fa_enabled', '180.190.142.242', '2025-12-29 00:31:25'),
(27, 5, 'user', 'LOGIN', 5, 'success', '180.190.142.242', '2025-12-29 02:47:05'),
(28, 5, 'user', 'LOGIN', 5, '2fa_ok', '180.190.142.242', '2025-12-29 02:47:22'),
(29, 5, NULL, 'LOGOUT', NULL, NULL, '180.190.142.242', '2025-12-29 02:52:04'),
(30, 5, 'user', 'LOGIN', 5, 'success', '180.190.142.242', '2025-12-29 02:54:32'),
(31, 5, 'user', 'LOGIN', 5, '2fa_ok', '180.190.142.242', '2025-12-29 02:54:39'),
(32, 1, 'user', 'LOGIN', 1, 'success', '180.190.142.242', '2025-12-29 03:16:43'),
(33, 1, 'user', 'LOGIN', 1, '2fa_ok', '180.190.142.242', '2025-12-29 03:20:35'),
(34, 1, NULL, 'LOGOUT', NULL, NULL, '180.190.142.242', '2025-12-29 03:26:31'),
(35, 5, 'user', 'LOGIN', 5, 'success', '180.190.142.242', '2025-12-29 03:26:38'),
(36, 5, 'user', 'LOGIN', 5, '2fa_ok', '180.190.142.242', '2025-12-29 03:26:57'),
(37, 5, 'user', 'LOGIN', 5, 'success', '180.190.142.242', '2025-12-29 04:47:18'),
(38, 5, 'user', 'LOGIN', 5, '2fa_ok', '180.190.142.242', '2025-12-29 04:47:26'),
(39, 5, NULL, 'LOGOUT', NULL, NULL, '180.190.142.242', '2025-12-29 04:53:01'),
(40, 5, 'user', 'LOGIN', 5, 'success', '180.190.142.242', '2025-12-29 04:53:08'),
(41, 5, 'user', 'LOGIN', 5, '2fa_ok', '180.190.142.242', '2025-12-29 04:53:16'),
(42, 5, 'user', 'LOGIN', 5, 'success', '180.190.142.242', '2025-12-29 05:34:48'),
(43, 5, 'user', 'LOGIN', 5, '2fa_ok', '180.190.142.242', '2025-12-29 05:34:57'),
(44, 5, 'user', 'LOGIN', 5, 'success', '180.190.142.242', '2025-12-29 05:51:41'),
(45, 5, 'user', 'LOGIN', 5, '2fa_ok', '180.190.142.242', '2025-12-29 05:51:49'),
(46, 5, NULL, 'LOGOUT', NULL, NULL, '180.190.142.242', '2025-12-29 05:52:55'),
(47, 1, 'user', 'LOGIN', 1, 'success', '180.190.142.242', '2025-12-29 05:53:03'),
(48, 1, 'user', 'LOGIN', 1, '2fa_ok', '180.190.142.242', '2025-12-29 05:53:09'),
(49, 1, NULL, 'LOGOUT', NULL, NULL, '180.190.142.242', '2025-12-29 06:03:27'),
(50, 7, 'user', 'INSERT', 7, 'patient_registration', '180.190.142.242', '2025-12-29 06:03:57'),
(51, 7, 'patient', 'INSERT', 3, 'patient_profile_created', '180.190.142.242', '2025-12-29 06:03:57'),
(52, 7, 'user', 'UPDATE', 7, '2fa_enabled', '180.190.142.242', '2025-12-29 06:04:24'),
(53, 7, NULL, 'LOGOUT', NULL, NULL, '180.190.142.242', '2025-12-29 06:04:53'),
(54, 7, 'user', 'LOGIN', 7, 'success', '180.190.142.242', '2025-12-29 06:05:02'),
(55, 7, 'user', 'LOGIN', 7, '2fa_ok', '180.190.142.242', '2025-12-29 06:05:07'),
(56, 7, NULL, 'LOGOUT', NULL, NULL, '180.190.142.242', '2025-12-29 06:05:55'),
(57, 2, 'user', 'LOGIN', 2, 'success', '180.190.142.242', '2025-12-29 06:06:06'),
(58, 2, 'user', 'UPDATE', 2, '2fa_enabled', '180.190.142.242', '2025-12-29 06:06:39'),
(59, 2, NULL, 'LOGOUT', NULL, NULL, '180.190.142.242', '2025-12-29 06:07:13'),
(60, 3, 'user', 'LOGIN', 3, 'success', '180.190.142.242', '2025-12-29 06:07:22'),
(61, 3, 'user', 'UPDATE', 3, '2fa_enabled', '180.190.142.242', '2025-12-29 06:07:45'),
(62, 7, 'user', 'LOGIN', 7, 'success', '180.190.142.242', '2025-12-29 06:51:25'),
(63, 7, 'user', 'LOGIN', 7, '2fa_ok', '180.190.142.242', '2025-12-29 06:51:34'),
(64, 7, NULL, 'LOGOUT', NULL, NULL, '180.190.142.242', '2025-12-29 06:55:18'),
(65, 7, 'user', 'LOGIN', 7, 'success', '180.190.142.242', '2025-12-29 06:55:25'),
(66, 7, 'user', 'LOGIN', 7, '2fa_ok', '180.190.142.242', '2025-12-29 06:55:30'),
(67, 1, 'user', 'LOGIN', 1, 'success', '180.190.142.242', '2025-12-30 06:10:26'),
(68, 1, 'user', 'LOGIN', 1, '2fa_ok', '180.190.142.242', '2025-12-30 06:10:35'),
(69, 1, NULL, 'LOGOUT', NULL, NULL, '180.190.142.242', '2025-12-30 06:13:56'),
(70, 7, 'user', 'LOGIN', 7, 'success', '180.190.142.242', '2025-12-30 06:14:10'),
(71, 7, 'user', 'LOGIN', 7, '2fa_ok', '180.190.142.242', '2025-12-30 06:14:21'),
(72, 7, NULL, 'LOGOUT', NULL, NULL, '180.190.142.242', '2025-12-30 06:15:04'),
(73, 1, 'user', 'LOGIN', 1, 'success', '180.190.142.242', '2025-12-30 06:15:10'),
(74, 1, 'user', 'LOGIN', 1, '2fa_ok', '180.190.142.242', '2025-12-30 06:15:21'),
(75, 3, 'user', 'LOGIN', 3, 'success', '180.190.142.242', '2025-12-30 06:18:21'),
(76, 3, 'user', 'LOGIN', 3, '2fa_ok', '180.190.142.242', '2025-12-30 06:18:27'),
(77, 2, 'user', 'LOGIN', 2, 'success', '180.190.142.242', '2025-12-30 06:18:42'),
(78, 2, 'user', 'LOGIN', 2, '2fa_ok', '180.190.142.242', '2025-12-30 06:18:47'),
(79, 1, 'user', 'LOGIN', 1, 'success', '180.190.142.242', '2025-12-30 06:43:42'),
(80, 1, 'user', 'LOGIN', 1, '2fa_ok', '180.190.142.242', '2025-12-30 06:43:49'),
(81, 1, NULL, 'LOGOUT', NULL, NULL, '180.190.142.242', '2025-12-30 06:44:50'),
(82, 7, 'user', 'LOGIN', 7, 'success', '180.190.142.242', '2025-12-30 06:44:56'),
(83, 7, 'user', 'LOGIN', 7, '2fa_ok', '180.190.142.242', '2025-12-30 06:45:02'),
(84, 5, 'password_reset_tokens', 'INSERT', NULL, 'password_reset_requested', '180.190.142.242', '2026-01-01 05:55:10'),
(85, 5, 'password_reset_tokens', 'INSERT', NULL, 'password_reset_requested', '180.190.142.242', '2026-01-01 05:55:10'),
(86, 1, 'password_reset_tokens', 'INSERT', NULL, 'password_reset_requested', '180.190.142.242', '2026-01-01 06:05:51'),
(87, 1, 'password_reset_tokens', 'INSERT', NULL, 'password_reset_requested', '180.190.142.242', '2026-01-01 06:05:51'),
(88, 1, 'password_reset_tokens', 'INSERT', NULL, 'password_reset_requested', '180.190.142.242', '2026-01-01 06:18:33'),
(89, 1, 'password_reset_tokens', 'INSERT', NULL, 'password_reset_requested', '180.190.142.242', '2026-01-01 06:18:33'),
(90, 1, 'password_reset_tokens', 'INSERT', NULL, 'password_reset_requested', '180.190.142.242', '2026-01-01 06:18:38'),
(91, 1, 'password_reset_tokens', 'INSERT', NULL, 'password_reset_requested', '180.190.142.242', '2026-01-01 06:18:38'),
(92, 1, 'password_reset_tokens', 'INSERT', NULL, 'password_reset_requested', '180.190.142.242', '2026-01-01 06:18:40'),
(93, 1, 'password_reset_tokens', 'INSERT', NULL, 'password_reset_requested', '180.190.142.242', '2026-01-01 06:18:40'),
(94, 1, 'password_reset_tokens', 'INSERT', NULL, 'password_reset_requested', '180.190.142.242', '2026-01-01 06:18:42'),
(95, 1, 'password_reset_tokens', 'INSERT', NULL, 'password_reset_requested', '180.190.142.242', '2026-01-01 06:18:42'),
(96, NULL, 'user', 'INSERT', 10, 'patient_registration', '180.190.142.242', '2026-01-01 06:54:04'),
(97, NULL, 'patient', 'INSERT', 0, 'patient_profile_created', '180.190.142.242', '2026-01-01 06:54:04'),
(98, NULL, 'user', 'LOGIN', 10, 'success', '180.190.142.242', '2026-01-01 06:54:31'),
(99, NULL, 'user', 'UPDATE', 10, '2fa_enabled', '180.190.142.242', '2026-01-01 06:55:48'),
(100, NULL, NULL, 'LOGOUT', NULL, NULL, '180.190.142.242', '2026-01-01 06:55:52'),
(101, NULL, 'user', 'INSERT', 11, 'patient_registration', '180.190.142.242', '2026-01-01 22:25:12'),
(102, NULL, 'patient', 'INSERT', 0, 'patient_profile_created', '180.190.142.242', '2026-01-01 22:25:12'),
(103, NULL, 'user', 'LOGIN', 11, 'success', '180.190.142.242', '2026-01-01 22:25:46'),
(104, NULL, 'user', 'UPDATE', 11, '2fa_enabled', '180.190.142.242', '2026-01-01 22:26:05'),
(105, 12, 'user', 'INSERT', 12, 'patient_registration', '180.190.142.242', '2026-01-02 01:00:00'),
(106, 12, 'patient', 'INSERT', 0, 'patient_profile_created', '180.190.142.242', '2026-01-02 01:00:00'),
(107, 12, 'user', 'LOGIN', 12, 'success', '180.190.142.242', '2026-01-02 01:00:14'),
(108, 12, 'user', 'UPDATE', 12, '2fa_enabled', '180.190.142.242', '2026-01-02 01:01:13'),
(109, 12, 'user', 'LOGIN', 12, 'success', '180.190.142.242', '2026-01-02 03:38:55'),
(110, 12, 'user', 'LOGIN', 12, '2fa_ok', '180.190.142.242', '2026-01-02 03:39:16'),
(111, 12, 'user', 'LOGIN', 12, 'success', '180.190.142.242', '2026-01-02 04:50:28'),
(112, 12, 'user', 'LOGIN', 12, '2fa_failed', '180.190.142.242', '2026-01-02 04:51:37'),
(113, 12, 'user', 'LOGIN', 12, '2fa_failed', '180.190.142.242', '2026-01-02 04:51:44'),
(114, 12, 'user', 'LOGIN', 12, '2fa_failed', '180.190.142.242', '2026-01-02 04:51:47'),
(115, 12, 'user', 'LOGIN', 12, '2fa_failed', '180.190.142.242', '2026-01-02 04:52:07'),
(116, 12, 'user', 'LOGIN', 12, 'success', '180.190.142.242', '2026-01-02 04:52:18'),
(117, 12, 'user', 'LOGIN', 12, '2fa_failed', '180.190.142.242', '2026-01-02 04:52:26'),
(118, 12, 'user', 'LOGIN', 12, '2fa_failed', '180.190.142.242', '2026-01-02 04:52:34'),
(119, 12, 'user', 'LOGIN', 12, '2fa_failed', '180.190.142.242', '2026-01-02 04:52:42'),
(120, 12, 'user', 'LOGIN', 12, 'success', '180.190.142.242', '2026-01-02 04:53:10'),
(121, 12, 'user', 'LOGIN', 12, '2fa_failed', '180.190.142.242', '2026-01-02 04:53:14'),
(122, 12, 'user', 'LOGIN', 12, '2fa_failed', '180.190.142.242', '2026-01-02 04:53:25'),
(123, 12, 'user', 'LOGIN', 12, '2fa_failed', '180.190.142.242', '2026-01-02 04:53:33'),
(124, 4, 'user', 'LOGIN', 4, 'success', '180.190.142.242', '2026-01-02 04:53:55'),
(125, 12, 'user', 'LOGIN', 12, 'success', '180.190.142.242', '2026-01-02 04:54:53'),
(126, 12, 'user', 'LOGIN', 12, '2fa_ok', '180.190.142.242', '2026-01-02 04:54:56'),
(127, 12, 'user', 'LOGIN', 12, 'success', '180.190.142.242', '2026-01-02 04:59:59'),
(128, 12, 'user', 'LOGIN', 12, '2fa_ok', '180.190.142.242', '2026-01-02 05:00:13'),
(129, 12, NULL, 'LOGOUT', NULL, NULL, '180.190.142.242', '2026-01-02 05:00:29'),
(130, 12, 'user', 'LOGIN', 12, 'success', '180.190.142.242', '2026-01-02 05:04:06'),
(131, 12, 'user', 'LOGIN', 12, '2fa_ok', '180.190.142.242', '2026-01-02 05:04:09'),
(132, 1, 'user', 'LOGIN', 1, 'success', '180.190.142.242', '2026-01-02 05:07:31'),
(133, 1, 'user', 'LOGIN', 1, '2fa_ok', '180.190.142.242', '2026-01-02 05:07:36'),
(134, 1, NULL, 'LOGOUT', NULL, NULL, '180.190.142.242', '2026-01-02 05:09:19'),
(135, 2, 'user', 'LOGIN', 2, 'success', '180.190.142.242', '2026-01-02 05:09:33'),
(136, 2, 'user', 'LOGIN', 2, '2fa_ok', '180.190.142.242', '2026-01-02 05:09:43'),
(137, 2, NULL, 'LOGOUT', NULL, NULL, '180.190.142.242', '2026-01-02 05:10:25'),
(138, 3, 'user', 'LOGIN', 3, 'success', '180.190.142.242', '2026-01-02 05:10:31'),
(139, 3, 'user', 'LOGIN', 3, '2fa_ok', '180.190.142.242', '2026-01-02 05:10:35'),
(140, 3, NULL, 'LOGOUT', NULL, NULL, '180.190.142.242', '2026-01-02 05:11:33'),
(141, 1, 'user', 'LOGIN', 1, 'success', '180.190.142.242', '2026-01-02 05:11:53'),
(142, 1, 'user', 'LOGIN', 1, '2fa_ok', '180.190.142.242', '2026-01-02 05:11:59'),
(143, 1, NULL, 'LOGOUT', NULL, NULL, '180.190.142.242', '2026-01-02 05:14:30'),
(144, 1, 'user', 'LOGIN', 1, 'success', '180.190.142.242', '2026-01-02 05:14:37'),
(145, 1, 'user', 'LOGIN', 1, '2fa_ok', '180.190.142.242', '2026-01-02 05:14:43'),
(146, 1, 'user', 'LOGIN', 1, 'success', '180.190.142.242', '2026-01-02 05:17:40'),
(147, 1, 'user', 'LOGIN', 1, '2fa_ok', '180.190.142.242', '2026-01-02 05:17:44'),
(148, 1, NULL, 'LOGOUT', NULL, NULL, '180.190.142.242', '2026-01-02 05:19:55'),
(149, 12, 'user', 'LOGIN', 12, 'success', '180.190.142.242', '2026-01-02 05:35:37'),
(150, 12, 'user', 'LOGIN', 12, '2fa_ok', '180.190.142.242', '2026-01-02 05:35:42'),
(151, 12, NULL, 'LOGOUT', NULL, NULL, '180.190.142.242', '2026-01-02 05:44:17'),
(152, 1, 'user', 'LOGIN', 1, 'success', '180.190.142.242', '2026-01-02 05:44:25'),
(153, 1, 'user', 'LOGIN', 1, '2fa_ok', '180.190.142.242', '2026-01-02 05:44:33'),
(154, 1, NULL, 'LOGOUT', NULL, NULL, '180.190.142.242', '2026-01-02 21:58:39'),
(155, 12, 'user', 'LOGIN', 12, 'success', '180.190.142.242', '2026-01-02 21:59:02'),
(156, 12, 'user', 'LOGIN', 12, '2fa_ok', '180.190.142.242', '2026-01-02 21:59:07'),
(157, 12, NULL, 'LOGOUT', NULL, NULL, '180.190.142.242', '2026-01-02 22:08:27'),
(158, 12, 'user', 'LOGIN', 12, 'success', '180.190.142.242', '2026-01-02 22:08:36'),
(159, 12, 'user', 'LOGIN', 12, '2fa_ok', '180.190.142.242', '2026-01-02 22:08:40'),
(160, 12, NULL, 'LOGOUT', NULL, NULL, '180.190.142.242', '2026-01-02 22:12:53'),
(161, 12, 'user', 'LOGIN', 12, 'success', '180.190.142.242', '2026-01-02 22:13:01'),
(162, 12, 'user', 'LOGIN', 12, '2fa_ok', '180.190.142.242', '2026-01-02 22:13:05'),
(163, 12, NULL, 'LOGOUT', NULL, NULL, '180.190.142.242', '2026-01-02 22:17:23'),
(164, 1, 'user', 'LOGIN', 1, 'success', '180.190.142.242', '2026-01-03 12:21:26'),
(165, 1, 'user', 'LOGIN', 1, '2fa_ok', '180.190.142.242', '2026-01-03 12:21:28'),
(166, 1, NULL, 'LOGOUT', NULL, NULL, '180.190.142.242', '2026-01-03 12:24:59'),
(167, 12, 'user', 'LOGIN', 12, 'success', '180.190.142.242', '2026-01-03 12:25:51'),
(168, 12, 'user', 'LOGIN', 12, '2fa_ok', '180.190.142.242', '2026-01-03 12:26:00'),
(169, 12, NULL, 'LOGOUT', NULL, NULL, '180.190.142.242', '2026-01-03 12:45:03'),
(170, 1, 'user', 'LOGIN', 1, 'success', '180.190.142.242', '2026-01-03 13:29:26'),
(171, 1, 'user', 'LOGIN', 1, '2fa_ok', '180.190.142.242', '2026-01-03 13:29:42'),
(172, 1, NULL, 'LOGOUT', NULL, NULL, '180.190.142.242', '2026-01-03 14:53:02'),
(173, 2, 'user', 'LOGIN', 2, 'success', '180.190.142.242', '2026-01-03 14:53:18'),
(174, 2, 'user', 'LOGIN', 2, '2fa_ok', '180.190.142.242', '2026-01-03 14:53:24'),
(175, 2, NULL, 'LOGOUT', NULL, NULL, '180.190.142.242', '2026-01-03 15:16:18'),
(176, 3, 'user', 'LOGIN', 3, 'success', '180.190.142.242', '2026-01-03 15:16:29'),
(177, 3, 'user', 'LOGIN', 3, '2fa_ok', '180.190.142.242', '2026-01-03 15:16:32'),
(178, 3, NULL, 'LOGOUT', NULL, NULL, '180.190.142.242', '2026-01-03 15:17:32'),
(179, 1, 'user', 'LOGIN', 1, 'success', '180.190.142.242', '2026-01-03 15:57:25'),
(180, 1, 'user', 'LOGIN', 1, '2fa_ok', '180.190.142.242', '2026-01-03 15:57:33'),
(181, 1, 'user', 'LOGIN', 1, 'success', '180.190.142.242', '2026-01-03 15:58:27'),
(182, 1, 'user', 'LOGIN', 1, '2fa_ok', '180.190.142.242', '2026-01-03 15:58:34'),
(183, 1, 'user', 'LOGIN', 1, 'success', '180.190.142.242', '2026-01-03 15:59:56'),
(184, 1, 'user', 'LOGIN', 1, '2fa_ok', '180.190.142.242', '2026-01-03 16:00:00'),
(185, 12, 'user', 'LOGIN', 12, 'success', '180.190.142.242', '2026-01-03 16:00:25'),
(186, 12, 'user', 'LOGIN', 12, '2fa_ok', '180.190.142.242', '2026-01-03 16:00:30'),
(187, 2, 'user', 'LOGIN', 2, 'success', '180.190.142.242', '2026-01-03 16:02:00'),
(188, 2, 'user', 'LOGIN', 2, '2fa_failed', '180.190.142.242', '2026-01-03 16:02:11'),
(189, 2, 'user', 'LOGIN', 2, '2fa_ok', '180.190.142.242', '2026-01-03 16:02:14'),
(190, 3, 'user', 'LOGIN', 3, 'success', '180.190.142.242', '2026-01-03 16:02:36'),
(191, 3, 'user', 'LOGIN', 3, '2fa_ok', '180.190.142.242', '2026-01-03 16:02:39'),
(192, 3, 'user', 'LOGIN', 3, 'success', '180.190.142.242', '2026-01-03 16:05:32'),
(193, 3, 'user', 'LOGIN', 3, '2fa_ok', '180.190.142.242', '2026-01-03 16:05:36'),
(194, 3, NULL, 'LOGOUT', NULL, NULL, '180.190.142.242', '2026-01-03 16:07:09'),
(195, 12, 'user', 'LOGIN', 12, 'success', '180.190.142.242', '2026-01-03 16:07:18'),
(196, 12, 'user', 'LOGIN', 12, '2fa_ok', '180.190.142.242', '2026-01-03 16:07:21'),
(197, 1, 'user', 'LOGIN', 1, 'success', '180.190.142.242', '2026-01-03 16:13:45'),
(198, 1, 'user', 'LOGIN', 1, '2fa_ok', '180.190.142.242', '2026-01-03 16:13:50'),
(199, 1, 'user', 'LOGIN', 1, 'success', '180.190.142.242', '2026-01-03 16:31:39'),
(200, 1, 'user', 'LOGIN', 1, '2fa_ok', '180.190.142.242', '2026-01-03 16:31:58'),
(201, 2, 'user', 'LOGIN', 2, 'success', '180.190.142.242', '2026-01-03 16:32:24'),
(202, 2, 'user', 'LOGIN', 2, '2fa_ok', '180.190.142.242', '2026-01-03 16:32:30'),
(203, 2, NULL, 'LOGOUT', NULL, NULL, '180.190.142.242', '2026-01-03 16:33:51'),
(204, 3, 'user', 'LOGIN', 3, 'success', '180.190.142.242', '2026-01-03 16:33:58'),
(205, 3, 'user', 'LOGIN', 3, '2fa_ok', '180.190.142.242', '2026-01-03 16:34:01'),
(206, 3, NULL, 'LOGOUT', NULL, NULL, '180.190.142.242', '2026-01-03 16:36:52'),
(207, 12, 'user', 'LOGIN', 12, 'success', '180.190.142.242', '2026-01-03 16:37:02'),
(208, 12, 'user', 'LOGIN', 12, '2fa_ok', '180.190.142.242', '2026-01-03 16:37:05'),
(209, 12, 'appointment', 'INSERT', 1, 'Appointment booked for 2026-01-10 16:40', '180.190.142.242', '2026-01-03 16:37:44'),
(210, 12, 'documents', 'INSERT', 1, 'document_uploaded: 1.png', '180.190.142.242', '2026-01-03 16:38:43'),
(211, 12, NULL, 'LOGOUT', NULL, NULL, '180.190.142.242', '2026-01-03 16:54:16'),
(212, 1, 'user', 'LOGIN', 1, 'success', '180.190.142.242', '2026-01-03 16:54:25'),
(213, 1, 'user', 'LOGIN', 1, '2fa_ok', '180.190.142.242', '2026-01-03 16:54:31'),
(214, 2, 'user', 'LOGIN', 2, 'success', '180.190.142.242', '2026-01-03 17:00:09'),
(215, 2, 'user', 'LOGIN', 2, '2fa_ok', '180.190.142.242', '2026-01-03 17:00:14'),
(216, 2, NULL, 'LOGOUT', NULL, NULL, '180.190.142.242', '2026-01-03 17:00:55'),
(217, 3, 'user', 'LOGIN', 3, 'success', '180.190.142.242', '2026-01-03 17:01:03'),
(218, 3, 'user', 'LOGIN', 3, '2fa_ok', '180.190.142.242', '2026-01-03 17:01:09'),
(219, 3, NULL, 'LOGOUT', NULL, NULL, '180.190.142.242', '2026-01-03 17:23:22'),
(220, 1, 'user', 'LOGIN', 1, 'success', '180.190.142.242', '2026-01-03 17:26:55'),
(221, 1, 'user', 'LOGIN', 1, '2fa_failed', '180.190.142.242', '2026-01-03 17:27:40'),
(222, 1, 'user', 'LOGIN', 1, '2fa_ok', '180.190.142.242', '2026-01-03 17:27:48'),
(223, 2, 'user', 'LOGIN', 2, 'success', '180.190.142.242', '2026-01-03 17:35:20'),
(224, 2, 'user', 'LOGIN', 2, '2fa_ok', '180.190.142.242', '2026-01-03 17:35:26'),
(225, 2, NULL, 'LOGOUT', NULL, NULL, '180.190.142.242', '2026-01-03 17:38:10'),
(226, 3, 'user', 'LOGIN', 3, 'success', '180.190.142.242', '2026-01-03 17:38:17'),
(227, 3, 'user', 'LOGIN', 3, '2fa_ok', '180.190.142.242', '2026-01-03 17:38:19'),
(228, 3, NULL, 'LOGOUT', NULL, NULL, '180.190.142.242', '2026-01-03 17:39:44'),
(229, 12, 'user', 'LOGIN', 12, 'success', '180.190.142.242', '2026-01-03 17:39:50'),
(230, 12, 'user', 'LOGIN', 12, '2fa_ok', '180.190.142.242', '2026-01-03 17:39:55'),
(231, 12, NULL, 'LOGOUT', NULL, NULL, '180.190.142.242', '2026-01-03 17:41:20'),
(232, 1, 'user', 'LOGIN', 1, 'success', '180.190.142.242', '2026-01-03 17:58:25'),
(233, 1, 'user', 'LOGIN', 1, '2fa_ok', '180.190.142.242', '2026-01-03 17:58:33'),
(234, 2, 'user', 'LOGIN', 2, 'success', '180.190.142.242', '2026-01-03 17:59:24'),
(235, 2, 'user', 'LOGIN', 2, '2fa_ok', '180.190.142.242', '2026-01-03 17:59:29'),
(236, 2, NULL, 'LOGOUT', NULL, NULL, '180.190.142.242', '2026-01-03 17:59:54'),
(237, 12, 'user', 'LOGIN', 12, 'success', '180.190.142.242', '2026-01-03 18:00:01'),
(238, 12, 'user', 'LOGIN', 12, '2fa_ok', '180.190.142.242', '2026-01-03 18:00:04'),
(239, 12, NULL, 'LOGOUT', NULL, NULL, '180.190.142.242', '2026-01-03 18:01:15'),
(240, 12, 'user', 'LOGIN', 12, 'success', '180.190.142.242', '2026-01-03 18:01:37'),
(241, 12, 'user', 'LOGIN', 12, '2fa_ok', '180.190.142.242', '2026-01-03 18:01:41'),
(242, 12, NULL, 'LOGOUT', NULL, NULL, '180.190.142.242', '2026-01-03 18:13:10'),
(243, 1, 'user', 'LOGIN', 1, 'success', '180.190.142.242', '2026-01-03 18:33:21'),
(244, 1, 'user', 'LOGIN', 1, '2fa_ok', '180.190.142.242', '2026-01-03 18:33:25'),
(245, 1, NULL, 'LOGOUT', NULL, NULL, '180.190.142.242', '2026-01-03 18:36:36'),
(246, 12, 'user', 'LOGIN', 12, 'success', '180.190.142.242', '2026-01-03 18:36:44'),
(247, 12, 'user', 'LOGIN', 12, '2fa_ok', '180.190.142.242', '2026-01-03 18:36:47'),
(248, 12, NULL, 'LOGOUT', NULL, NULL, '180.190.142.242', '2026-01-03 18:45:51'),
(249, 1, 'user', 'LOGIN', 1, 'success', '180.190.142.242', '2026-01-03 21:38:54'),
(250, 1, 'user', 'LOGIN', 1, '2fa_ok', '180.190.142.242', '2026-01-03 21:38:58'),
(251, 1, NULL, 'LOGOUT', NULL, NULL, '180.190.142.242', '2026-01-03 21:46:07'),
(252, 2, 'user', 'LOGIN', 2, 'success', '180.190.142.242', '2026-01-03 21:46:23'),
(253, 2, 'user', 'LOGIN', 2, '2fa_ok', '180.190.142.242', '2026-01-03 21:46:28'),
(254, 2, NULL, 'LOGOUT', NULL, NULL, '180.190.142.242', '2026-01-03 21:57:57'),
(255, 1, 'user', 'LOGIN', 1, 'success', '180.190.142.242', '2026-01-03 21:58:05'),
(256, 1, 'user', 'LOGIN', 1, '2fa_ok', '180.190.142.242', '2026-01-03 21:58:10'),
(257, 1, NULL, 'LOGOUT', NULL, NULL, '180.190.142.242', '2026-01-03 21:58:56'),
(258, 3, 'user', 'LOGIN', 3, 'success', '180.190.142.242', '2026-01-03 21:59:04'),
(259, 3, 'user', 'LOGIN', 3, '2fa_ok', '180.190.142.242', '2026-01-03 21:59:09'),
(260, 3, NULL, 'LOGOUT', NULL, NULL, '180.190.142.242', '2026-01-03 22:00:02'),
(261, 12, 'user', 'LOGIN', 12, 'success', '180.190.142.242', '2026-01-03 22:00:09'),
(262, 12, 'user', 'LOGIN', 12, '2fa_ok', '180.190.142.242', '2026-01-03 22:00:16'),
(263, 12, NULL, 'LOGOUT', NULL, NULL, '180.190.142.242', '2026-01-03 22:00:48'),
(264, 1, 'user', 'LOGIN', 1, 'success', '180.190.142.242', '2026-01-04 15:43:53'),
(265, 1, 'user', 'LOGIN', 1, '2fa_ok', '180.190.142.242', '2026-01-04 15:43:57'),
(266, 1, 'user', 'INSERT', 13, 'New user created: doctor02 (doctor)', '180.190.142.242', '2026-01-04 15:45:28'),
(267, 1, NULL, 'LOGOUT', NULL, NULL, '180.190.142.242', '2026-01-04 15:47:41'),
(268, 13, 'user', 'LOGIN', 13, 'success', '180.190.142.242', '2026-01-04 15:47:52'),
(269, 2, 'user', 'LOGIN', 2, 'success', '180.190.142.242', '2026-01-04 15:48:05'),
(270, 2, 'user', 'LOGIN', 2, '2fa_ok', '180.190.142.242', '2026-01-04 15:48:13'),
(271, 2, NULL, 'LOGOUT', NULL, NULL, '180.190.142.242', '2026-01-04 15:51:15'),
(272, 3, 'user', 'LOGIN', 3, 'success', '180.190.142.242', '2026-01-04 15:51:49'),
(273, 3, 'user', 'LOGIN', 3, '2fa_ok', '180.190.142.242', '2026-01-04 15:51:54'),
(274, 3, NULL, 'LOGOUT', NULL, NULL, '180.190.142.242', '2026-01-04 15:53:55'),
(275, 12, 'user', 'LOGIN', 12, 'success', '180.190.142.242', '2026-01-04 15:54:03'),
(276, 12, 'user', 'LOGIN', 12, '2fa_ok', '180.190.142.242', '2026-01-04 15:54:06'),
(277, 12, NULL, 'LOGOUT', NULL, NULL, '180.190.142.242', '2026-01-04 15:55:23'),
(278, 1, 'user', 'LOGIN', 1, 'success', '180.190.142.242', '2026-01-04 16:08:50'),
(279, 1, 'user', 'LOGIN', 1, '2fa_ok', '180.190.142.242', '2026-01-04 16:08:55'),
(280, 1, 'user', 'UPDATE', 13, 'User status toggled to Inactive', '180.190.142.242', '2026-01-04 16:12:17'),
(281, 1, NULL, 'LOGOUT', NULL, NULL, '180.190.142.242', '2026-01-04 16:18:55'),
(282, 1, 'user', 'LOGIN', 1, 'success', '180.190.142.242', '2026-01-04 16:19:02'),
(283, 1, 'user', 'LOGIN', 1, '2fa_ok', '180.190.142.242', '2026-01-04 16:19:08'),
(284, 1, NULL, 'LOGOUT', NULL, NULL, '180.190.142.242', '2026-01-04 16:24:08'),
(285, 2, 'user', 'LOGIN', 2, 'success', '180.190.142.242', '2026-01-04 16:24:17'),
(286, 2, 'user', 'LOGIN', 2, '2fa_ok', '180.190.142.242', '2026-01-04 16:24:21'),
(287, 2, NULL, 'LOGOUT', NULL, NULL, '180.190.142.242', '2026-01-04 17:11:23'),
(288, 2, 'user', 'LOGIN', 2, 'success', '180.190.142.242', '2026-01-04 18:14:01'),
(289, 2, 'user', 'LOGIN', 2, '2fa_ok', '180.190.142.242', '2026-01-04 18:14:04'),
(290, 2, NULL, 'LOGOUT', NULL, NULL, '180.190.142.242', '2026-01-04 18:37:37'),
(291, 3, 'user', 'LOGIN', 3, 'success', '180.190.142.242', '2026-01-04 18:37:49'),
(292, 3, 'user', 'LOGIN', 3, '2fa_ok', '180.190.142.242', '2026-01-04 18:37:51'),
(293, 3, NULL, 'LOGOUT', NULL, NULL, '180.190.142.242', '2026-01-04 18:57:57'),
(294, 12, 'user', 'LOGIN', 12, 'success', '180.190.142.242', '2026-01-04 18:58:04'),
(295, 3, 'user', 'LOGIN', 3, 'success', '180.190.142.242', '2026-01-04 18:58:17'),
(296, 3, 'user', 'LOGIN', 3, '2fa_ok', '180.190.142.242', '2026-01-04 18:58:21'),
(297, 3, NULL, 'LOGOUT', NULL, NULL, '180.190.142.242', '2026-01-04 18:59:13'),
(298, 12, 'user', 'LOGIN', 12, 'success', '180.190.142.242', '2026-01-04 18:59:20'),
(299, 12, 'user', 'LOGIN', 12, '2fa_ok', '180.190.142.242', '2026-01-04 18:59:26'),
(300, 12, NULL, 'LOGOUT', NULL, NULL, '180.190.142.242', '2026-01-04 19:36:03'),
(301, 1, 'user', 'LOGIN', 1, 'success', '180.190.142.242', '2026-01-04 21:26:50'),
(302, 1, 'user', 'LOGIN', 1, '2fa_ok', '180.190.142.242', '2026-01-04 21:26:57'),
(303, 1, NULL, 'LOGOUT', NULL, NULL, '180.190.142.242', '2026-01-04 21:35:37'),
(304, 2, 'user', 'LOGIN', 2, 'success', '180.190.142.242', '2026-01-04 21:35:44'),
(305, 2, 'user', 'LOGIN', 2, '2fa_ok', '180.190.142.242', '2026-01-04 21:35:48'),
(306, 3, 'user', 'LOGIN', 3, 'success', '180.190.142.242', '2026-01-04 21:36:39'),
(307, 3, 'user', 'LOGIN', 3, '2fa_ok', '180.190.142.242', '2026-01-04 21:36:44'),
(308, 12, 'user', 'LOGIN', 12, 'success', '180.190.142.242', '2026-01-04 21:36:59'),
(309, 12, 'user', 'LOGIN', 12, '2fa_ok', '180.190.142.242', '2026-01-04 21:37:04'),
(310, 12, NULL, 'LOGOUT', NULL, NULL, '180.190.142.242', '2026-01-04 21:40:26'),
(311, 2, 'user', 'LOGIN', 2, 'success', '180.190.142.242', '2026-01-04 21:40:34'),
(312, 2, 'user', 'LOGIN', 2, '2fa_ok', '180.190.142.242', '2026-01-04 21:40:38'),
(313, 2, 'user', 'LOGIN', 2, 'success', '180.190.142.242', '2026-01-04 21:42:15'),
(314, 2, 'user', 'LOGIN', 2, '2fa_ok', '180.190.142.242', '2026-01-04 21:42:17'),
(315, 2, 'user', 'LOGIN', 2, 'success', '180.190.142.242', '2026-01-04 21:55:45'),
(316, 2, 'user', 'LOGIN', 2, '2fa_ok', '180.190.142.242', '2026-01-04 21:55:50'),
(317, 1, 'user', 'LOGIN', 1, 'success', '180.190.142.242', '2026-01-04 21:55:57'),
(318, 1, 'user', 'LOGIN', 1, '2fa_ok', '180.190.142.242', '2026-01-04 21:55:59'),
(319, 1, NULL, 'LOGOUT', NULL, NULL, '180.190.142.242', '2026-01-04 21:57:42'),
(320, 3, 'user', 'LOGIN', 3, 'success', '180.190.142.242', '2026-01-04 21:57:48'),
(321, 3, 'user', 'LOGIN', 3, '2fa_ok', '180.190.142.242', '2026-01-04 21:57:50'),
(322, 3, NULL, 'LOGOUT', NULL, NULL, '180.190.142.242', '2026-01-04 22:01:06'),
(323, 12, 'user', 'LOGIN', 12, 'success', '180.190.142.242', '2026-01-04 22:01:12'),
(324, 12, 'user', 'LOGIN', 12, '2fa_ok', '180.190.142.242', '2026-01-04 22:01:14'),
(325, 12, NULL, 'LOGOUT', NULL, NULL, '180.190.142.242', '2026-01-04 22:04:08'),
(326, 1, 'user', 'LOGIN', 1, 'success', '180.190.142.242', '2026-01-04 22:04:14'),
(327, 1, 'user', 'LOGIN', 1, '2fa_ok', '180.190.142.242', '2026-01-04 22:04:18'),
(328, 1, NULL, 'LOGOUT', NULL, NULL, '180.190.142.242', '2026-01-04 22:06:35'),
(329, 2, 'user', 'LOGIN', 2, 'success', '180.190.142.242', '2026-01-04 22:06:41'),
(330, 2, 'user', 'LOGIN', 2, '2fa_ok', '180.190.142.242', '2026-01-04 22:06:44'),
(331, 3, 'user', 'LOGIN', 3, 'success', '180.190.142.242', '2026-01-04 22:06:57'),
(332, 3, 'user', 'LOGIN', 3, '2fa_ok', '180.190.142.242', '2026-01-04 22:07:01'),
(333, 3, NULL, 'LOGOUT', NULL, NULL, '180.190.142.242', '2026-01-04 22:09:42'),
(334, 12, 'user', 'LOGIN', 12, 'success', '180.190.142.242', '2026-01-04 22:09:51'),
(335, 12, 'user', 'LOGIN', 12, '2fa_ok', '180.190.142.242', '2026-01-04 22:09:56'),
(336, 12, NULL, 'LOGOUT', NULL, NULL, '180.190.142.242', '2026-01-04 22:18:22'),
(337, 1, 'user', 'LOGIN', 1, 'success', '180.190.142.242', '2026-01-04 22:18:29'),
(338, 1, 'user', 'LOGIN', 1, '2fa_ok', '180.190.142.242', '2026-01-04 22:18:32'),
(339, 1, 'user', 'LOGIN', 1, 'success', '180.232.85.242', '2026-01-05 07:11:44'),
(340, 1, 'user', 'LOGIN', 1, '2fa_ok', '180.232.85.242', '2026-01-05 07:11:50'),
(341, 1, NULL, 'LOGOUT', NULL, NULL, '103.21.12.210', '2026-01-05 07:13:35'),
(342, 2, 'user', 'LOGIN', 2, 'success', '103.21.12.210', '2026-01-05 07:14:44'),
(343, 2, 'user', 'LOGIN', 2, '2fa_ok', '103.21.12.210', '2026-01-05 07:14:50'),
(344, 2, 'doctor_schedule', 'UPDATE', 2, 'Updated weekly schedule', '180.232.85.242', '2026-01-05 07:19:33'),
(345, 2, NULL, 'LOGOUT', NULL, NULL, '103.21.12.210', '2026-01-05 07:21:33'),
(346, 12, 'user', 'LOGIN', 12, 'success', '103.21.12.210', '2026-01-05 07:21:41'),
(347, 12, 'user', 'LOGIN', 12, '2fa_ok', '103.21.12.210', '2026-01-05 07:21:47'),
(348, 2, 'user', 'LOGIN', 2, 'success', '180.232.85.242', '2026-01-05 07:22:55'),
(349, 2, 'user', 'LOGIN', 2, '2fa_ok', '180.232.85.242', '2026-01-05 07:23:07'),
(350, 12, NULL, 'LOGOUT', NULL, NULL, '180.232.85.242', '2026-01-05 07:29:06'),
(351, 1, 'user', 'LOGIN', 1, 'success', '180.232.85.242', '2026-01-05 07:30:26'),
(352, 1, 'user', 'LOGIN', 1, '2fa_ok', '180.232.85.242', '2026-01-05 07:30:36'),
(353, 1, NULL, 'LOGOUT', NULL, NULL, '180.232.85.242', '2026-01-05 07:35:06'),
(354, 12, 'user', 'LOGIN', 12, 'success', '180.232.85.242', '2026-01-05 07:36:13'),
(355, 14, 'user', 'INSERT', 14, 'patient_registration', '180.232.85.242', '2026-01-05 07:37:27'),
(356, 14, 'patient', 'INSERT', 0, 'patient_profile_created', '180.232.85.242', '2026-01-05 07:37:27'),
(357, 12, 'user', 'UPDATE', 12, '2fa_enabled', '180.232.85.242', '2026-01-05 07:38:42'),
(358, 12, NULL, 'LOGOUT', NULL, NULL, '180.232.85.242', '2026-01-05 07:39:04'),
(359, 14, 'user', 'LOGIN', 14, 'success', '180.232.85.242', '2026-01-05 07:40:07'),
(360, 14, 'user', 'UPDATE', 14, '2fa_enabled', '180.232.85.242', '2026-01-05 07:40:27'),
(361, 14, NULL, 'LOGOUT', NULL, NULL, '180.232.85.242', '2026-01-05 07:40:52'),
(362, 2, NULL, 'LOGOUT', NULL, NULL, '180.232.85.242', '2026-01-05 07:46:14'),
(363, 1, 'user', 'LOGIN', 1, 'success', '180.232.85.242', '2026-01-05 07:47:37'),
(364, 1, 'user', 'LOGIN', 1, '2fa_ok', '180.232.85.242', '2026-01-05 07:47:42'),
(365, 1, 'user', 'UPDATE', 13, 'User status toggled to Active', '103.21.12.210', '2026-01-05 07:52:56'),
(366, 1, 'user', 'UPDATE', 13, 'User status toggled to Inactive', '103.21.12.210', '2026-01-05 07:53:00'),
(367, 1, NULL, 'LOGOUT', NULL, NULL, '180.232.85.242', '2026-01-05 08:02:14'),
(368, 1, 'user', 'LOGIN', 1, 'success', '180.232.85.242', '2026-01-05 08:02:32'),
(369, 1, 'user', 'LOGIN', 1, '2fa_ok', '180.232.85.242', '2026-01-05 08:02:37'),
(370, 1, NULL, 'LOGOUT', NULL, NULL, '103.21.12.210', '2026-01-05 08:08:56'),
(371, 2, 'user', 'LOGIN', 2, 'success', '180.232.85.242', '2026-01-05 08:10:28'),
(372, 2, 'user', 'LOGIN', 2, '2fa_ok', '180.232.85.242', '2026-01-05 08:10:34'),
(373, 2, NULL, 'LOGOUT', NULL, NULL, '180.232.85.242', '2026-01-05 08:52:21'),
(374, 1, 'user', 'LOGIN', 1, 'success', '180.232.85.242', '2026-01-05 09:20:08'),
(375, 1, 'user', 'LOGIN', 1, '2fa_ok', '180.232.85.242', '2026-01-05 09:20:13'),
(376, 1, NULL, 'LOGOUT', NULL, NULL, '180.232.85.242', '2026-01-05 09:24:08'),
(377, 2, 'user', 'LOGIN', 2, 'success', '103.21.12.210', '2026-01-05 09:24:55'),
(378, 2, 'user', 'LOGIN', 2, '2fa_ok', '103.21.12.210', '2026-01-05 09:25:04'),
(379, 12, 'user', 'LOGIN', 12, 'success', '180.232.85.242', '2026-01-05 09:25:23'),
(380, 12, 'user', 'LOGIN', 12, '2fa_failed', '180.232.85.242', '2026-01-05 09:25:35'),
(381, 12, 'user', 'LOGIN', 12, '2fa_failed', '180.232.85.242', '2026-01-05 09:25:41'),
(382, 12, 'user', 'LOGIN', 12, 'success', '180.232.85.242', '2026-01-05 09:25:47'),
(383, 12, 'user', 'LOGIN', 12, '2fa_failed', '180.232.85.242', '2026-01-05 09:25:53'),
(384, 12, 'user', 'LOGIN', 12, 'success', '180.232.85.242', '2026-01-05 09:27:06'),
(385, 12, 'user', 'LOGIN', 12, '2fa_failed', '180.232.85.242', '2026-01-05 09:27:14'),
(386, 12, 'user', 'LOGIN', 12, 'success', '180.232.85.242', '2026-01-05 09:27:41'),
(387, 12, 'user', 'LOGIN', 12, '2fa_failed', '180.232.85.242', '2026-01-05 09:27:48'),
(388, 12, 'user', 'LOGIN', 12, '2fa_failed', '180.232.85.242', '2026-01-05 09:28:05'),
(389, 12, 'user', 'LOGIN', 12, '2fa_failed', '180.232.85.242', '2026-01-05 09:28:12'),
(390, 12, 'user', 'LOGIN', 12, 'success', '180.232.85.242', '2026-01-05 09:28:33'),
(391, 12, 'user', 'LOGIN', 12, '2fa_failed', '180.232.85.242', '2026-01-05 09:28:41'),
(392, 12, 'user', 'LOGIN', 12, '2fa_failed', '180.232.85.242', '2026-01-05 09:28:47'),
(393, 2, NULL, 'LOGOUT', NULL, NULL, '180.232.85.242', '2026-01-05 09:29:13'),
(394, 12, 'user', 'LOGIN', 12, 'success', '180.232.85.242', '2026-01-05 09:29:20'),
(395, 12, 'user', 'LOGIN', 12, '2fa_failed', '180.232.85.242', '2026-01-05 09:29:25'),
(396, 12, 'user', 'LOGIN', 12, 'success', '180.232.85.242', '2026-01-05 09:29:53'),
(397, 12, 'user', 'UPDATE', 12, '2fa_enabled', '180.232.85.242', '2026-01-05 09:30:26'),
(398, 2, 'user', 'LOGIN', 2, 'success', '180.232.85.242', '2026-01-05 09:31:21'),
(399, 2, 'user', 'LOGIN', 2, '2fa_ok', '180.232.85.242', '2026-01-05 09:31:27'),
(400, 12, NULL, 'LOGOUT', NULL, NULL, '180.232.85.242', '2026-01-05 09:57:20'),
(401, 2, NULL, 'LOGOUT', NULL, NULL, '180.232.85.242', '2026-01-05 09:58:20'),
(402, 2, 'user', 'LOGIN', 2, 'success', '180.232.85.242', '2026-01-05 10:43:42'),
(403, 2, 'user', 'LOGIN', 2, '2fa_ok', '180.232.85.242', '2026-01-05 10:43:45'),
(404, 2, NULL, 'LOGOUT', NULL, NULL, '180.232.85.242', '2026-01-05 10:54:01'),
(405, 2, 'user', 'LOGIN', 2, 'success', '180.232.85.242', '2026-01-05 10:54:09'),
(406, 2, 'user', 'LOGIN', 2, '2fa_ok', '180.232.85.242', '2026-01-05 10:54:12'),
(407, 2, NULL, 'LOGOUT', NULL, NULL, '180.232.85.242', '2026-01-05 10:59:26'),
(408, 1, 'user', 'LOGIN', 1, 'success', '180.232.85.242', '2026-01-05 10:59:31'),
(409, 1, 'user', 'LOGIN', 1, '2fa_ok', '180.232.85.242', '2026-01-05 10:59:36'),
(410, 12, 'user', 'LOGIN', 12, 'success', '180.232.85.242', '2026-01-05 11:00:46'),
(411, 12, 'user', 'LOGIN', 12, '2fa_ok', '180.232.85.242', '2026-01-05 11:00:51'),
(412, 12, NULL, 'LOGOUT', NULL, NULL, '180.232.85.242', '2026-01-05 11:10:37'),
(413, 12, 'user', 'LOGIN', 12, 'success', '180.232.85.242', '2026-01-05 11:10:45'),
(414, 12, 'user', 'LOGIN', 12, '2fa_ok', '180.232.85.242', '2026-01-05 11:10:52'),
(415, 2, 'user', 'LOGIN', 2, 'success', '180.232.85.242', '2026-01-05 11:11:49'),
(416, 2, 'user', 'LOGIN', 2, '2fa_ok', '180.232.85.242', '2026-01-05 11:11:55'),
(417, 1, NULL, 'LOGOUT', NULL, NULL, '180.232.85.242', '2026-01-05 11:14:54'),
(418, 1, 'user', 'LOGIN', 1, 'success', '103.21.12.210', '2026-01-05 12:25:45'),
(419, 1, 'user', 'LOGIN', 1, 'success', '180.232.85.242', '2026-01-05 12:26:23'),
(420, 1, 'user', 'LOGIN', 1, '2fa_ok', '180.232.85.242', '2026-01-05 12:26:40'),
(421, 1, 'user', 'INSERT', 15, 'New user created: doctor03 (doctor)', '180.232.85.242', '2026-01-05 12:28:43'),
(422, 1, NULL, 'LOGOUT', NULL, NULL, '180.232.85.242', '2026-01-05 12:28:51'),
(423, 15, 'user', 'LOGIN', 15, 'success', '180.232.85.242', '2026-01-05 12:29:03'),
(424, 15, 'user', 'UPDATE', 15, '2fa_enabled', '180.232.85.242', '2026-01-05 12:29:42'),
(425, 15, NULL, 'LOGOUT', NULL, NULL, '180.232.85.242', '2026-01-05 12:29:59'),
(426, 15, 'user', 'LOGIN', 15, 'success', '103.21.12.210', '2026-01-05 12:30:11'),
(427, 15, 'user', 'LOGIN', 15, '2fa_ok', '103.21.12.210', '2026-01-05 12:30:18'),
(428, 15, NULL, 'LOGOUT', NULL, NULL, '180.232.85.242', '2026-01-05 12:30:28'),
(429, 16, 'user', 'INSERT', 16, 'patient_registration', '180.232.85.242', '2026-01-05 12:38:11'),
(430, 16, 'patient', 'INSERT', 0, 'patient_profile_created', '180.232.85.242', '2026-01-05 12:38:11'),
(431, 16, 'user', 'LOGIN', 16, 'success', '180.232.85.242', '2026-01-05 12:39:04'),
(432, 16, 'user', 'UPDATE', 16, '2fa_enabled', '180.232.85.242', '2026-01-05 12:39:36'),
(433, 16, 'appointment', 'INSERT', 2, 'Appointment booked for 2026-01-06 15:00', '103.21.12.210', '2026-01-05 12:43:10'),
(434, 16, NULL, 'LOGOUT', NULL, NULL, '103.21.12.210', '2026-01-05 12:44:22'),
(435, 15, 'user', 'LOGIN', 15, 'success', '180.232.85.242', '2026-01-05 12:44:38'),
(436, 15, 'user', 'LOGIN', 15, '2fa_ok', '180.232.85.242', '2026-01-05 12:44:55'),
(437, 15, NULL, 'LOGOUT', NULL, NULL, '180.232.85.242', '2026-01-05 12:48:13'),
(438, NULL, 'user', 'INSERT', 17, 'patient_registration', '180.232.85.242', '2026-01-05 12:59:56'),
(439, NULL, 'patient', 'INSERT', 0, 'patient_profile_created', '180.232.85.242', '2026-01-05 12:59:56'),
(440, 1, 'user', 'LOGIN', 1, 'success', '180.232.85.242', '2026-01-05 13:37:21'),
(441, 1, 'user', 'LOGIN', 1, '2fa_ok', '180.232.85.242', '2026-01-05 13:37:29'),
(442, 1, NULL, 'LOGOUT', NULL, NULL, '180.232.85.242', '2026-01-05 13:49:38'),
(443, 2, 'user', 'LOGIN', 2, 'success', '180.232.85.242', '2026-01-05 13:49:55'),
(444, 2, 'user', 'LOGIN', 2, '2fa_ok', '180.232.85.242', '2026-01-05 13:50:01'),
(445, 2, NULL, 'LOGOUT', NULL, NULL, '180.232.85.242', '2026-01-05 14:08:45'),
(446, NULL, 'user', 'INSERT', 18, 'patient_registration', '180.190.142.242', '2026-01-05 17:51:57'),
(447, NULL, 'patient', 'INSERT', 0, 'patient_profile_created', '180.190.142.242', '2026-01-05 17:51:57'),
(448, NULL, 'user', 'INSERT', 19, 'patient_registration', '180.190.142.242', '2026-01-05 17:55:32'),
(449, NULL, 'patient', 'INSERT', 0, 'patient_profile_created', '180.190.142.242', '2026-01-05 17:55:32'),
(450, 2, 'user', 'LOGIN', 2, 'success', '180.190.142.242', '2026-01-05 18:03:00'),
(451, 2, 'user', 'LOGIN', 2, '2fa_ok', '180.190.142.242', '2026-01-05 18:03:05'),
(452, 2, NULL, 'LOGOUT', NULL, NULL, '180.190.142.242', '2026-01-05 18:04:17'),
(453, 12, 'user', 'LOGIN', 12, 'success', '180.190.142.242', '2026-01-05 18:04:24'),
(454, 12, 'user', 'LOGIN', 12, '2fa_ok', '180.190.142.242', '2026-01-05 18:04:30'),
(455, 12, 'appointment', 'INSERT', 3, 'Appointment booked for 2026-01-05 16:30:00', '180.190.142.242', '2026-01-05 18:06:06'),
(456, 12, 'appointment', 'INSERT', 4, 'Appointment booked for 2026-01-10 16:30:00', '180.190.142.242', '2026-01-05 18:06:29'),
(457, 12, 'appointment', 'UPDATE', 3, 'Patient cancelled appointment', '180.190.142.242', '2026-01-05 18:06:49'),
(458, 12, 'appointment', 'UPDATE', 4, 'Patient cancelled appointment', '180.190.142.242', '2026-01-05 18:06:54'),
(459, 12, 'appointment', 'UPDATE', 1, 'Patient cancelled appointment', '180.190.142.242', '2026-01-05 18:06:57'),
(460, 12, NULL, 'LOGOUT', NULL, NULL, '180.190.142.242', '2026-01-05 18:18:48'),
(461, 1, 'user', 'LOGIN', 1, 'success', '180.190.142.242', '2026-01-05 18:27:46'),
(462, 1, 'user', 'LOGIN', 1, '2fa_ok', '180.190.142.242', '2026-01-05 18:27:49'),
(463, 1, NULL, 'LOGOUT', NULL, NULL, '180.190.142.242', '2026-01-05 18:43:53'),
(464, 3, 'user', 'LOGIN', 3, 'success', '180.190.142.242', '2026-01-05 18:43:59'),
(465, 3, 'user', 'LOGIN', 3, '2fa_ok', '180.190.142.242', '2026-01-05 18:44:02'),
(466, 3, NULL, 'LOGOUT', NULL, NULL, '180.190.142.242', '2026-01-05 18:45:45'),
(467, 1, 'user', 'LOGIN', 1, 'success', '180.190.142.242', '2026-01-05 18:46:54'),
(468, 1, 'user', 'LOGIN', 1, '2fa_ok', '180.190.142.242', '2026-01-05 18:46:57'),
(469, 1, NULL, 'LOGOUT', NULL, NULL, '180.190.142.242', '2026-01-05 18:48:38');

-- --------------------------------------------------------

--
-- Table structure for table `billing`
--

CREATE TABLE `billing` (
  `billing_id` int(11) NOT NULL,
  `patient_id` int(11) NOT NULL,
  `consultation_id` int(11) DEFAULT NULL,
  `service_description` varchar(255) DEFAULT NULL,
  `amount_due` decimal(10,2) NOT NULL,
  `payment_status` enum('unpaid','paid','refunded','partial') NOT NULL DEFAULT 'unpaid',
  `payment_method` varchar(50) DEFAULT NULL,
  `transaction_reference` varchar(100) DEFAULT NULL,
  `created_at` datetime NOT NULL DEFAULT current_timestamp(),
  `updated_at` datetime NOT NULL DEFAULT current_timestamp() ON UPDATE current_timestamp()
) ENGINE=InnoDB DEFAULT CHARSET=utf8mb4 COLLATE=utf8mb4_unicode_ci;

-- --------------------------------------------------------

--
-- Table structure for table `consultation`
--

CREATE TABLE `consultation` (
  `consultation_id` int(11) NOT NULL,
  `patient_id` int(11) NOT NULL,
  `doctor_user_id` int(11) NOT NULL,
  `appointment_id` int(11) DEFAULT NULL,
  `subjective_notes` text DEFAULT NULL,
  `objective_notes` text DEFAULT NULL,
  `assessment` text DEFAULT NULL,
  `plan` text DEFAULT NULL,
  `created_at` datetime DEFAULT NULL
) ENGINE=InnoDB DEFAULT CHARSET=utf8mb4 COLLATE=utf8mb4_unicode_ci;

-- --------------------------------------------------------

--
-- Table structure for table `doctor_schedule`
--

CREATE TABLE `doctor_schedule` (
  `schedule_id` int(11) NOT NULL,
  `doctor_user_id` int(11) NOT NULL,
  `day_of_week` enum('Monday','Tuesday','Wednesday','Thursday','Friday','Saturday','Sunday') NOT NULL,
  `start_time` time NOT NULL,
  `end_time` time NOT NULL,
  `is_available` tinyint(1) NOT NULL DEFAULT 1,
  `created_at` datetime DEFAULT current_timestamp()
) ENGINE=InnoDB DEFAULT CHARSET=utf8mb4 COLLATE=utf8mb4_unicode_ci;

--
-- Dumping data for table `doctor_schedule`
--

INSERT INTO `doctor_schedule` (`schedule_id`, `doctor_user_id`, `day_of_week`, `start_time`, `end_time`, `is_available`, `created_at`) VALUES
(1, 2, 'Monday', '08:00:00', '17:00:00', 1, '2026-01-05 07:19:33'),
(2, 2, 'Tuesday', '08:00:00', '17:00:00', 1, '2026-01-05 07:19:33'),
(3, 2, 'Wednesday', '08:00:00', '17:00:00', 1, '2026-01-05 07:19:33'),
(4, 2, 'Thursday', '08:00:00', '17:00:00', 1, '2026-01-05 07:19:33'),
(5, 2, 'Friday', '08:00:00', '17:00:00', 1, '2026-01-05 07:19:33'),
(6, 2, 'Saturday', '08:00:00', '17:00:00', 1, '2026-01-05 07:19:33');

-- --------------------------------------------------------

--
-- Table structure for table `documents`
--

CREATE TABLE `documents` (
  `document_id` int(11) NOT NULL,
  `uploader_user_id` int(11) NOT NULL,
  `patient_id` int(11) DEFAULT NULL,
  `file_name` varchar(255) NOT NULL,
  `file_path` varchar(255) NOT NULL,
  `file_type` varchar(100) DEFAULT NULL,
  `file_size` int(11) DEFAULT NULL,
  `category` enum('lab_result','prescription','identification','phr','other') DEFAULT 'other',
  `description` text DEFAULT NULL,
  `uploaded_at` datetime NOT NULL DEFAULT current_timestamp(),
  `deleted_at` datetime DEFAULT NULL
) ENGINE=InnoDB DEFAULT CHARSET=utf8mb4 COLLATE=utf8mb4_unicode_ci;

--
-- Dumping data for table `documents`
--

INSERT INTO `documents` (`document_id`, `uploader_user_id`, `patient_id`, `file_name`, `file_path`, `file_type`, `file_size`, `category`, `description`, `uploaded_at`, `deleted_at`) VALUES
(1, 12, 8, '1.png', '/public/assets/uploads/documents/2026/01/1767429523_7af1c4a7_1.png', 'image/png', 60443, 'other', 'test', '2026-01-03 16:38:43', NULL);

-- --------------------------------------------------------

--
-- Table structure for table `hmo_claim`
--

CREATE TABLE `hmo_claim` (
  `hmo_claim_id` int(11) NOT NULL,
  `billing_id` int(11) NOT NULL,
  `patient_id` int(11) NOT NULL,
  `insurance_provider` varchar(100) DEFAULT NULL,
  `claim_reference` varchar(100) DEFAULT NULL,
  `claim_amount` decimal(10,2) DEFAULT NULL,
  `claim_status` enum('submitted','approved','rejected','paid') NOT NULL,
  `claim_submitted_at` datetime NOT NULL DEFAULT current_timestamp(),
  `claim_paid_at` datetime DEFAULT NULL
) ENGINE=InnoDB DEFAULT CHARSET=utf8mb4 COLLATE=utf8mb4_unicode_ci;

-- --------------------------------------------------------

--
-- Table structure for table `laboratory_test`
--

CREATE TABLE `laboratory_test` (
  `laboratory_test_id` int(11) NOT NULL,
  `patient_id` int(11) NOT NULL,
  `consultation_id` int(11) DEFAULT NULL,
  `test_name` varchar(100) NOT NULL,
  `test_result` text DEFAULT NULL,
  `reference_range` varchar(100) DEFAULT NULL,
  `status` enum('ordered','completed','reviewed','released') NOT NULL,
  `doctor_reviewed` tinyint(1) NOT NULL DEFAULT 0,
  `released_to_patient` tinyint(1) NOT NULL DEFAULT 0,
  `viewed_by_patient` tinyint(1) DEFAULT 0,
  `viewed_at` datetime DEFAULT NULL,
  `ordered_at` datetime NOT NULL DEFAULT current_timestamp(),
  `completed_at` datetime DEFAULT NULL,
  `released_at` datetime DEFAULT NULL
) ENGINE=InnoDB DEFAULT CHARSET=utf8mb4 COLLATE=utf8mb4_unicode_ci;

-- --------------------------------------------------------

--
-- Table structure for table `messages`
--

CREATE TABLE `messages` (
  `id` int(11) NOT NULL,
  `sender_id` int(11) NOT NULL,
  `receiver_id` int(11) NOT NULL,
  `message_body` text NOT NULL,
  `is_read` tinyint(1) DEFAULT 0,
  `read_at` datetime DEFAULT NULL,
  `is_archived` tinyint(1) DEFAULT 0,
  `created_at` datetime DEFAULT current_timestamp()
) ENGINE=InnoDB DEFAULT CHARSET=latin1 COLLATE=latin1_swedish_ci;

--
-- Dumping data for table `messages`
--

INSERT INTO `messages` (`id`, `sender_id`, `receiver_id`, `message_body`, `is_read`, `read_at`, `is_archived`, `created_at`) VALUES
(1, 2, 12, 'Testing', 1, '2026-01-05 07:22:04', 0, '2026-01-03 21:49:06'),
(2, 2, 12, 'Hello?', 1, '2026-01-05 07:22:04', 0, '2026-01-04 15:48:37'),
(3, 2, 12, 'This is your doctor for this upcoming appointment, thanks very much for booking your appointment', 1, '2026-01-05 07:22:04', 0, '2026-01-05 07:16:56'),
(4, 12, 2, 'I\'ll be heading there soon.', 1, '2026-01-05 07:23:17', 0, '2026-01-05 07:22:21'),
(5, 2, 12, 'Okay, thanks!', 1, '2026-01-05 07:23:27', 0, '2026-01-05 07:23:26'),
(6, 12, 2, 'Yw ^^', 1, '2026-01-05 07:23:39', 0, '2026-01-05 07:23:39'),
(7, 12, 2, 'So, we\'re done for today?', 1, '2026-01-05 07:28:09', 0, '2026-01-05 07:28:09'),
(8, 12, 2, 'Testing', 1, '2026-01-05 09:31:33', 0, '2026-01-05 09:31:09'),
(9, 2, 12, 'Testing successful', 1, '2026-01-05 09:31:41', 0, '2026-01-05 09:31:39'),
(10, 12, 2, 'Sige po doc, what time ka po pwede para makapagreserve ako?', 1, '2026-01-05 09:32:56', 0, '2026-01-05 09:32:55'),
(11, 2, 12, 'Around 4 PM siguro, may dalawang patients ako after 12 so baka pwede nako by that time.', 1, '2026-01-05 09:43:53', 0, '2026-01-05 09:43:47'),
(12, 1, 12, 'Good day, Patient! We\'re currently rolling out new changes with MatriFlow. Hang on tight!', 1, '2026-01-05 11:07:18', 0, '2026-01-05 11:07:10'),
(13, 12, 1, 'This is noted, thanks very much!', 1, '2026-01-05 11:07:33', 0, '2026-01-05 11:07:30'),
(14, 12, 1, 'You\'re welcome, here to serve you everyday.', 1, '2026-01-05 11:11:15', 0, '2026-01-05 11:11:14'),
(15, 1, 2, 'Good day, Doctor! We\'re currently rolling out new changes with MatriFlow. Hang on tight!', 1, '2026-01-05 11:12:51', 0, '2026-01-05 11:12:36'),
(16, 2, 1, 'Noted, thanks very much!', 1, '2026-01-05 11:13:03', 0, '2026-01-05 11:13:00');

-- --------------------------------------------------------

--
-- Table structure for table `notifications`
--

CREATE TABLE `notifications` (
  `id` int(11) NOT NULL,
  `user_id` int(11) NOT NULL,
  `title` varchar(255) NOT NULL,
  `message` text NOT NULL,
  `type` enum('info','success','warning','error') DEFAULT 'info',
  `action_url` varchar(255) DEFAULT NULL,
  `is_read` tinyint(1) DEFAULT 0,
  `read_at` datetime DEFAULT NULL,
  `created_at` datetime DEFAULT current_timestamp()
) ENGINE=InnoDB DEFAULT CHARSET=latin1 COLLATE=latin1_swedish_ci;

-- --------------------------------------------------------

--
-- Table structure for table `password_reset_tokens`
--

CREATE TABLE `password_reset_tokens` (
  `password_reset_token_id` int(11) NOT NULL,
  `user_id` int(11) NOT NULL,
  `token_hash` char(64) NOT NULL,
  `expires_at` datetime NOT NULL,
  `used_at` datetime DEFAULT NULL,
  `requested_ip` varchar(45) DEFAULT NULL,
  `requested_user_agent` varchar(255) DEFAULT NULL,
  `created_at` datetime NOT NULL DEFAULT current_timestamp()
) ENGINE=InnoDB DEFAULT CHARSET=utf8mb4 COLLATE=utf8mb4_unicode_ci;

--
-- Dumping data for table `password_reset_tokens`
--

INSERT INTO `password_reset_tokens` (`password_reset_token_id`, `user_id`, `token_hash`, `expires_at`, `used_at`, `requested_ip`, `requested_user_agent`, `created_at`) VALUES
(1, 1, '2e4d30e57e932eb67c6958b789e717a896b7c61d9abbcc9d15ddbb2ca7943beb', '2025-12-29 16:01:48', NULL, '180.190.142.242', 'Mozilla/5.0 (Windows NT 10.0; Win64; x64) AppleWebKit/537.36 (KHTML, like Gecko) Chrome/143.0.0.0 Safari/537.36', '2025-12-28 23:46:48'),
(2, 1, '8fabcfb92066a75e00946233b5896aceb8f85e8ba1be8caa3a2234453b8d1376', '2025-12-29 16:01:51', '2025-12-28 23:47:02', '180.190.142.242', 'Mozilla/5.0 (Windows NT 10.0; Win64; x64) AppleWebKit/537.36 (KHTML, like Gecko) Chrome/143.0.0.0 Safari/537.36', '2025-12-28 23:46:51'),
(3, 5, '42664cb1e540a01db661ae4cabe75c9a202c002ee96998bdaa687c6840315901', '2026-01-01 22:10:10', NULL, NULL, NULL, '2026-01-01 05:55:10'),
(4, 5, '9817bd2ab0e58666dddce9ab6d12f6e75a8eb6d3aa4f2d6de9bd7484bdf38856', '2026-01-01 22:10:10', NULL, NULL, NULL, '2026-01-01 05:55:10'),
(5, 1, 'b4a1a4b52b9ffc058c341c0e39adc135a9e34217c84d8e2d426c47372eb7a0b3', '2026-01-01 22:20:51', NULL, NULL, NULL, '2026-01-01 06:05:51'),
(6, 1, '64017570caacf01044e82a76c7837b5256ca4d98d7b2ccca7ad717f3e212f359', '2026-01-01 22:20:51', NULL, NULL, NULL, '2026-01-01 06:05:51'),
(7, 1, 'ae989cab18bbb0b33ffb86be22b40d445217d100e4d12dffd5d0dc1d0c7920a2', '2026-01-01 22:33:33', NULL, NULL, NULL, '2026-01-01 06:18:33'),
(8, 1, '54db1fab7877f8c871687eca87c131f95b80b68499d526b976f85bd7e62e02e6', '2026-01-01 22:33:33', NULL, NULL, NULL, '2026-01-01 06:18:33'),
(9, 1, 'bd5e88a9cd83c90d458e35f1d77a6802d64ace9d4deac18576475cf9fe1b441a', '2026-01-01 22:33:38', NULL, NULL, NULL, '2026-01-01 06:18:38'),
(10, 1, '46b003203cdf8ff262bbaa3ef66d11220e6aeaa13c6c8505a6a4ed7e24b018cc', '2026-01-01 22:33:38', NULL, NULL, NULL, '2026-01-01 06:18:38'),
(11, 1, '6d37b84aee31ce022bd73f5480d424c692084144f2224cd214619b6a88070b82', '2026-01-01 22:33:40', NULL, NULL, NULL, '2026-01-01 06:18:40'),
(12, 1, '19f960ea49e1fdac0ad5278019271d7d7a942ae8899cbd463508cc908b000548', '2026-01-01 22:33:40', NULL, NULL, NULL, '2026-01-01 06:18:40'),
(13, 1, '40c7c7a7a14d6524abeae520ef399e15b4edfe037dbfa4836e74555dd9ba258d', '2026-01-01 22:33:42', NULL, NULL, NULL, '2026-01-01 06:18:42'),
(14, 1, 'c2ed897432807b696065fca2478b2534efd164da1f328d9fccf252699f87585a', '2026-01-01 22:33:42', NULL, NULL, NULL, '2026-01-01 06:18:42');

-- --------------------------------------------------------

--
-- Table structure for table `patient`
--

CREATE TABLE `patient` (
  `patient_id` int(11) NOT NULL,
  `user_id` int(11) DEFAULT NULL,
  `identification_number` varchar(20) DEFAULT NULL,
  `dob` date DEFAULT NULL,
  `age_at_registration` int(11) DEFAULT NULL,
  `marital_status` varchar(20) DEFAULT NULL,
  `occupation` varchar(100) DEFAULT NULL,
  `address` varchar(255) DEFAULT NULL,
  `emergency_contact_name` varchar(100) DEFAULT NULL,
  `emergency_contact_number` varchar(20) DEFAULT NULL,
  `medical_history` text DEFAULT NULL,
  `allergies` text DEFAULT NULL,
  `created_at` datetime NOT NULL DEFAULT current_timestamp(),
  `updated_at` datetime NOT NULL DEFAULT current_timestamp() ON UPDATE current_timestamp(),
  `deleted_at` datetime DEFAULT NULL
) ENGINE=InnoDB DEFAULT CHARSET=utf8mb4 COLLATE=utf8mb4_unicode_ci;

--
-- Dumping data for table `patient`
--

INSERT INTO `patient` (`patient_id`, `user_id`, `identification_number`, `dob`, `age_at_registration`, `marital_status`, `occupation`, `address`, `emergency_contact_name`, `emergency_contact_number`, `medical_history`, `allergies`, `created_at`, `updated_at`, `deleted_at`) VALUES
(1, 5, NULL, '2006-02-09', 19, NULL, NULL, NULL, NULL, NULL, NULL, NULL, '2025-12-29 00:25:31', '2025-12-29 00:25:31', NULL),
(2, NULL, NULL, '2006-02-09', 19, NULL, NULL, NULL, NULL, NULL, NULL, NULL, '2025-12-29 00:30:46', '2025-12-29 00:30:46', NULL),
(3, 7, NULL, '2006-02-09', 19, NULL, NULL, NULL, NULL, NULL, NULL, NULL, '2025-12-29 06:03:57', '2025-12-29 06:03:57', NULL),
(4, NULL, NULL, '2001-01-01', NULL, NULL, NULL, NULL, NULL, NULL, NULL, NULL, '2026-01-01 06:51:50', '2026-01-01 06:51:50', NULL),
(5, NULL, NULL, '2001-01-01', NULL, NULL, NULL, NULL, NULL, NULL, NULL, NULL, '2026-01-01 06:52:27', '2026-01-01 06:52:27', NULL),
(6, NULL, NULL, '2006-01-01', NULL, NULL, NULL, NULL, NULL, NULL, NULL, NULL, '2026-01-01 06:54:04', '2026-01-01 06:54:04', NULL),
(7, NULL, NULL, '2001-01-01', NULL, NULL, NULL, NULL, NULL, NULL, NULL, NULL, '2026-01-01 22:25:12', '2026-01-01 22:25:12', NULL),
(8, 12, NULL, '2001-01-01', NULL, NULL, NULL, 'Test Address', NULL, NULL, NULL, NULL, '2026-01-02 01:00:00', '2026-01-02 22:15:15', NULL),
(9, 14, NULL, '2006-01-01', NULL, NULL, NULL, NULL, NULL, NULL, NULL, NULL, '2026-01-05 07:37:27', '2026-01-05 07:37:27', NULL),
(10, 16, NULL, '2006-01-01', NULL, NULL, NULL, NULL, NULL, NULL, NULL, NULL, '2026-01-05 12:38:11', '2026-01-05 12:38:11', NULL),
(11, NULL, NULL, '2006-01-01', NULL, NULL, NULL, NULL, NULL, NULL, NULL, NULL, '2026-01-05 12:59:56', '2026-01-05 12:59:56', NULL),
(12, NULL, NULL, '2016-06-17', NULL, NULL, NULL, NULL, NULL, NULL, NULL, NULL, '2026-01-05 17:51:57', '2026-01-05 17:51:57', NULL),
(13, NULL, NULL, '2026-01-05', NULL, NULL, NULL, NULL, NULL, NULL, NULL, NULL, '2026-01-05 17:55:32', '2026-01-05 17:55:32', NULL);

-- --------------------------------------------------------

--
-- Table structure for table `patient_queue`
--

CREATE TABLE `patient_queue` (
  `queue_id` int(11) NOT NULL,
  `appointment_id` int(11) NOT NULL,
  `patient_id` int(11) NOT NULL,
  `doctor_user_id` int(11) DEFAULT NULL,
  `position` int(11) NOT NULL,
  `status` enum('waiting','in_consultation','finished','skipped') NOT NULL DEFAULT 'waiting',
  `checked_in_at` datetime NOT NULL DEFAULT current_timestamp(),
  `started_at` datetime DEFAULT NULL,
  `finished_at` datetime DEFAULT NULL
) ENGINE=InnoDB DEFAULT CHARSET=utf8mb4 COLLATE=utf8mb4_unicode_ci;

-- --------------------------------------------------------

--
-- Table structure for table `payment`
--

CREATE TABLE `payment` (
  `payment_id` int(11) NOT NULL,
  `billing_id` int(11) NOT NULL,
  `patient_id` int(11) NOT NULL,
  `amount_paid` decimal(10,2) NOT NULL,
  `paid_at` datetime NOT NULL DEFAULT current_timestamp(),
  `method` varchar(50) NOT NULL,
  `reference_no` varchar(100) DEFAULT NULL,
  `notes` varchar(255) DEFAULT NULL,
  `recorded_by_user_id` int(11) DEFAULT NULL
) ENGINE=InnoDB DEFAULT CHARSET=utf8mb4 COLLATE=utf8mb4_unicode_ci;

-- --------------------------------------------------------

--
-- Table structure for table `prenatal_baseline`
--

CREATE TABLE `prenatal_baseline` (
  `prenatal_baseline_id` int(11) NOT NULL,
  `patient_id` int(11) NOT NULL,
  `gravidity` int(11) DEFAULT NULL,
  `parity` int(11) DEFAULT NULL,
  `abortion_count` int(11) DEFAULT NULL,
  `living_children` int(11) DEFAULT NULL,
  `lmp_date` date NOT NULL,
  `estimated_due_date` date NOT NULL,
  `baseline_recorded_at` datetime NOT NULL DEFAULT current_timestamp()
) ENGINE=InnoDB DEFAULT CHARSET=utf8mb4 COLLATE=utf8mb4_unicode_ci;

--
-- Dumping data for table `prenatal_baseline`
--

INSERT INTO `prenatal_baseline` (`prenatal_baseline_id`, `patient_id`, `gravidity`, `parity`, `abortion_count`, `living_children`, `lmp_date`, `estimated_due_date`, `baseline_recorded_at`) VALUES
(1, 8, 1, 0, 0, 0, '2026-01-03', '2026-10-10', '2026-01-03 21:51:52');

-- --------------------------------------------------------

--
-- Table structure for table `prenatal_visit`
--

CREATE TABLE `prenatal_visit` (
  `prenatal_visit_id` int(11) NOT NULL,
  `patient_id` int(11) NOT NULL,
  `prenatal_baseline_id` int(11) NOT NULL,
  `fundal_height_cm` decimal(5,2) DEFAULT NULL,
  `fetal_heart_rate` int(11) DEFAULT NULL,
  `fetal_movement_noted` tinyint(1) DEFAULT NULL,
  `visit_recorded_at` datetime NOT NULL DEFAULT current_timestamp()
) ENGINE=InnoDB DEFAULT CHARSET=utf8mb4 COLLATE=utf8mb4_unicode_ci;

--
-- Dumping data for table `prenatal_visit`
--

INSERT INTO `prenatal_visit` (`prenatal_visit_id`, `patient_id`, `prenatal_baseline_id`, `fundal_height_cm`, `fetal_heart_rate`, `fetal_movement_noted`, `visit_recorded_at`) VALUES
(1, 8, 1, '15.60', 132, 1, '2026-01-03 21:54:43');

-- --------------------------------------------------------

--
-- Table structure for table `prescription`
--

CREATE TABLE `prescription` (
  `prescription_id` int(11) NOT NULL,
  `patient_id` int(11) NOT NULL,
  `doctor_user_id` int(11) NOT NULL,
  `consultation_id` int(11) DEFAULT NULL,
  `medication_name` varchar(255) NOT NULL,
  `dosage` varchar(100) DEFAULT NULL,
  `frequency` varchar(100) DEFAULT NULL,
  `duration` varchar(100) DEFAULT NULL,
  `instructions` text DEFAULT NULL,
  `prescribed_at` datetime DEFAULT current_timestamp()
) ENGINE=InnoDB DEFAULT CHARSET=utf8mb4 COLLATE=utf8mb4_unicode_ci;

-- --------------------------------------------------------

--
-- Table structure for table `sms_logs`
--

CREATE TABLE `sms_logs` (
  `id` int(11) NOT NULL,
  `user_id` int(11) NOT NULL,
  `phone_number` varchar(20) NOT NULL,
  `message` text NOT NULL,
  `status` varchar(50) DEFAULT 'pending',
  `sent_at` datetime DEFAULT NULL,
  `created_at` datetime DEFAULT current_timestamp()
) ENGINE=InnoDB DEFAULT CHARSET=latin1 COLLATE=latin1_swedish_ci;

-- --------------------------------------------------------

--
-- Table structure for table `sms_reminders`
--

CREATE TABLE `sms_reminders` (
  `id` int(11) NOT NULL,
  `user_id` int(11) NOT NULL,
  `phone_number` varchar(20) NOT NULL,
  `message` text NOT NULL,
  `scheduled_for` datetime NOT NULL,
  `status` enum('pending','sent','failed','cancelled') DEFAULT 'pending',
  `sent_at` datetime DEFAULT NULL,
  `created_at` datetime DEFAULT current_timestamp()
) ENGINE=InnoDB DEFAULT CHARSET=latin1 COLLATE=latin1_swedish_ci;

-- --------------------------------------------------------

--
-- Table structure for table `user`
--

CREATE TABLE `user` (
  `user_id` int(11) NOT NULL,
  `username` varchar(50) NOT NULL,
  `password_hash` varchar(255) NOT NULL,
  `first_name` varchar(100) NOT NULL,
  `last_name` varchar(100) NOT NULL,
  `gender` enum('Male','Female','Other') DEFAULT NULL,
  `role` enum('admin','doctor','secretary','patient') NOT NULL,
  `registration_type` enum('Patient','Guardian') DEFAULT 'Patient',
  `email` varchar(100) DEFAULT NULL,
  `contact_number` varchar(20) DEFAULT NULL,
  `address` text DEFAULT NULL,
  `dob` date DEFAULT NULL,
  `emergency_contact_name` varchar(255) DEFAULT NULL,
  `emergency_contact_phone` varchar(20) DEFAULT NULL,
  `is_active` tinyint(1) NOT NULL DEFAULT 1,
  `account_status` enum('pending','active','locked','suspended') DEFAULT 'pending',
  `google_2fa_secret` varchar(64) DEFAULT NULL,
  `is_2fa_enabled` tinyint(1) NOT NULL DEFAULT 0,
  `force_2fa_setup` tinyint(1) NOT NULL DEFAULT 1,
  `two_factor_verified_at` datetime DEFAULT NULL,
  `last_login_at` datetime DEFAULT NULL,
  `last_activity_at` datetime DEFAULT NULL,
  `failed_login_attempts` int(11) NOT NULL DEFAULT 0,
  `account_locked_until` datetime DEFAULT NULL,
  `created_at` datetime NOT NULL DEFAULT current_timestamp(),
  `updated_at` datetime NOT NULL DEFAULT current_timestamp() ON UPDATE current_timestamp()
) ENGINE=InnoDB DEFAULT CHARSET=utf8mb4 COLLATE=utf8mb4_unicode_ci;

--
-- Dumping data for table `user`
--

INSERT INTO `user` (`user_id`, `username`, `password_hash`, `first_name`, `last_name`, `gender`, `role`, `registration_type`, `email`, `contact_number`, `address`, `dob`, `emergency_contact_name`, `emergency_contact_phone`, `is_active`, `account_status`, `google_2fa_secret`, `is_2fa_enabled`, `force_2fa_setup`, `two_factor_verified_at`, `last_login_at`, `last_activity_at`, `failed_login_attempts`, `account_locked_until`, `created_at`, `updated_at`) VALUES
(1, 'admin', '$2y$10$Kk3dKwl06zWu68ArGkUGt.48Wf9lGjE1dPLyGLv8se6zfbkMQUvd.', 'System', 'Administrator', NULL, 'admin', 'Patient', 'espino.jamesbryant20+admin@gmail.com', NULL, NULL, '2001-01-01', NULL, NULL, 1, 'active', 'W5ABQN2QODA64JTQKR7MKO3S4F2RVOMO', 1, 0, '2026-01-05 18:46:57', '2026-01-05 18:46:54', '2026-01-05 18:48:38', 0, NULL, '2025-12-29 15:46:34', '2026-01-05 18:48:38'),
(2, 'doctor01', '$2y$10$92IXUNpkjO0rOQ5byMi.Ye4oKoEa3Ro9llC/.og/at2.uheWG/igi', 'Eiselle', 'Meneses', NULL, 'doctor', 'Patient', 'espino.jamesbryant20+doctor@gmail.com', NULL, NULL, '2001-01-01', NULL, NULL, 1, 'active', 'QUDM4FG5ZZRXJAU2UIAFIBNT4I2IB5BM', 1, 0, '2026-01-05 18:03:05', '2026-01-05 18:03:00', '2026-01-05 18:04:17', 0, NULL, '2025-12-29 15:46:34', '2026-01-05 18:04:17'),
(3, 'secretary01', '$2y$10$92IXUNpkjO0rOQ5byMi.Ye4oKoEa3Ro9llC/.og/at2.uheWG/igi', 'Maria', 'Santos', NULL, 'secretary', 'Patient', 'espino.jamesbryant20+secretary@gmail.com', NULL, NULL, '2001-01-01', NULL, NULL, 1, 'active', 'XZEOYZAXRXKPAV6KRTOQHNBFJSM6QEJB', 1, 0, '2026-01-05 18:44:02', '2026-01-05 18:43:59', '2026-01-05 18:45:45', 0, NULL, '2025-12-29 15:46:34', '2026-01-05 18:45:45'),
(4, 'user01', '$2y$10$92IXUNpkjO0rOQ5byMi.Ye4oKoEa3Ro9llC/.og/at2.uheWG/igi', 'James', 'Espino', NULL, 'patient', 'Patient', 'espino.jamesbryant20+patient@gmail.com', NULL, NULL, '2001-01-01', NULL, NULL, 1, 'pending', NULL, 0, 1, NULL, '2026-01-02 04:53:55', '2026-01-02 04:54:53', 0, NULL, '2025-12-29 15:46:34', '2026-01-02 06:04:39'),
(5, 'jane_doe', '$2y$10$xve4vx0j.EZ7Qdv5XLLLFubEgPLFtKGOH.GVGr.OmkZlfg6DDXqsy', 'Jane', 'Doe', NULL, 'patient', 'Patient', 'espino.jamesbryant20+student@gmail.com', '912-625-9783', NULL, '2001-01-01', NULL, NULL, 1, 'pending', 'AOZGR4KAI7GPOJ4LURGQ5GYB5NVSB3N6', 1, 0, '2025-12-29 05:51:49', '2025-12-29 05:51:41', '2025-12-29 05:52:55', 0, NULL, '2025-12-29 00:25:31', '2026-01-02 06:04:36'),
(7, 'patient-6', '$2y$10$op6jkOnfyfYHKoAtrbClaelGfNUJluM/wG7nR.7JSukYx5aJd4pFm', 'Choogy', 'Delulu', NULL, 'patient', 'Patient', 'espino.jamesbryant20+student2@gmail.com', '912-625-9783', NULL, '2001-01-01', NULL, NULL, 1, 'pending', 'LQFYJOT63R3XMYHR4ZXWNTA5VN2OW3MW', 1, 0, '2025-12-30 06:45:02', '2025-12-30 06:44:56', '2025-12-30 06:46:13', 0, NULL, '2025-12-29 06:03:57', '2026-01-02 06:04:34'),
(12, 'skibididopdop', '$2y$10$VKCpn0kY2AHcxEPMl1e0D.KG1GEaBiE7fZnGg/rrlzLbuLv65x2ny', 'Skibidi', 'Toilet', NULL, 'patient', 'Patient', 'espino.jamesbryant20+student3@gmail.com', '912-625-9783', 'Test Address', '2001-01-01', '', '', 1, 'active', '4S6XAU5CRZDFTOO3Z63D77ALCQIWTXRY', 1, 0, '2026-01-05 18:04:30', '2026-01-05 18:04:24', '2026-01-05 18:18:48', 0, NULL, '2026-01-02 01:00:00', '2026-01-05 18:18:48'),
(13, 'doctor02', '$2y$10$MdGYW/9dDmGh4fvMpxgnqOKkB4gG9tnofovrKWLF92WE/xSbjFTZm', 'Toni', 'Espiritu', NULL, 'doctor', 'Patient', 'espino.jamesbryant20+doctor2@gmail.com', NULL, NULL, NULL, NULL, NULL, 0, 'pending', NULL, 0, 1, NULL, '2026-01-04 15:47:52', '2026-01-04 15:48:05', 0, NULL, '2026-01-04 15:45:28', '2026-01-05 07:53:00'),
(14, 'johndoe123', '$2y$10$s01HxmcAzx50p9MluTI33eh5ERqfV4ZR9aExVUbG54TG6LVcbKDI.', 'John', 'Doe', NULL, 'patient', 'Patient', 'espino.jamesbryant20+student4@gmail.com', '912-625-9783', NULL, NULL, NULL, NULL, 1, 'pending', 'GROAPTCDCZSRCA3UUXHJOMZT7CQD6DFW', 1, 0, '2026-01-05 07:40:27', '2026-01-05 07:40:07', '2026-01-05 07:40:52', 0, NULL, '2026-01-05 07:37:27', '2026-01-05 07:40:52'),
(15, 'doctor03', '$2y$10$Ocxh.fQYKv.Hqx4KTw/Vg.kAyAxZzl5x2jp102bI/0CcBHky6U/q.', 'John', 'Smith', NULL, 'doctor', 'Patient', 'espino.jamesbryant20+doctor03@gmail.com', NULL, NULL, NULL, NULL, NULL, 1, 'pending', 'BTQW7PDL3ALMKNWRP57YENB2RWTYLF7W', 1, 0, '2026-01-05 12:44:55', '2026-01-05 12:44:38', '2026-01-05 12:48:13', 0, NULL, '2026-01-05 12:28:43', '2026-01-05 12:48:13'),
(16, 'mattkenneth', '$2y$10$pJmdbUVkkSDqmUmB4W3uEuWy0nVc1YsL9QDYPTNbi/3om60g2LcO2', 'Matt', 'Kenneth', NULL, 'patient', 'Patient', 'espino.jamesbryant20+patient5@gmail.com', '912-625-9783', NULL, NULL, NULL, NULL, 1, 'pending', 'VLWOQFZXBYC7SQHW2GGKQ2UYP44SCTNO', 1, 0, '2026-01-05 12:39:36', '2026-01-05 12:39:04', '2026-01-05 12:44:22', 0, NULL, '2026-01-05 12:38:11', '2026-01-05 12:44:22');

-- --------------------------------------------------------

--
-- Table structure for table `user_2fa_recovery_codes`
--

CREATE TABLE `user_2fa_recovery_codes` (
  `recovery_code_id` int(11) NOT NULL,
  `user_id` int(11) NOT NULL,
  `code_hash` char(64) NOT NULL,
  `used_at` datetime DEFAULT NULL,
  `created_at` datetime NOT NULL DEFAULT current_timestamp()
) ENGINE=InnoDB DEFAULT CHARSET=utf8mb4 COLLATE=utf8mb4_unicode_ci;

-- --------------------------------------------------------

--
-- Table structure for table `user_sessions`
--

CREATE TABLE `user_sessions` (
  `session_id` varchar(128) NOT NULL,
  `user_id` int(11) NOT NULL,
  `ip_address` varchar(45) DEFAULT NULL,
  `user_agent` varchar(255) DEFAULT NULL,
  `created_at` datetime NOT NULL DEFAULT current_timestamp(),
  `last_activity` datetime NOT NULL DEFAULT current_timestamp() ON UPDATE current_timestamp(),
  `expires_at` datetime NOT NULL
) ENGINE=InnoDB DEFAULT CHARSET=utf8mb4 COLLATE=utf8mb4_unicode_ci;

--
-- Dumping data for table `user_sessions`
--

INSERT INTO `user_sessions` (`session_id`, `user_id`, `ip_address`, `user_agent`, `created_at`, `last_activity`, `expires_at`) VALUES
('007a5a5ce45f6a166a63d50c253587d0', 1, '180.190.142.242', 'Mozilla/5.0 (Windows NT 10.0; Win64; x64) AppleWebKit/537.36 (KHTML, like Gecko) Chrome/143.0.0.0 Safari/537.36', '2026-01-03 15:59:56', '2026-01-03 15:59:56', '2026-01-03 23:59:56'),
('03099afef68bd7ab4ca4a8993873c203', 1, '180.190.142.242', 'Mozilla/5.0 (Windows NT 10.0; Win64; x64) AppleWebKit/537.36 (KHTML, like Gecko) Chrome/143.0.0.0 Safari/537.36', '2026-01-03 16:54:25', '2026-01-03 16:54:25', '2026-01-04 00:54:25'),
('036794ffb44c088fc9ea0cbf3de02c32', 1, '180.190.142.242', 'Mozilla/5.0 (Windows NT 10.0; Win64; x64) AppleWebKit/537.36 (KHTML, like Gecko) Chrome/143.0.0.0 Safari/537.36', '2026-01-03 16:31:39', '2026-01-03 16:31:39', '2026-01-04 00:31:39'),
('072cfe694450e7e6faeb29e824e9a425', 1, '180.190.142.242', 'Mozilla/5.0 (Windows NT 10.0; Win64; x64) AppleWebKit/537.36 (KHTML, like Gecko) Chrome/143.0.0.0 Safari/537.36', '2026-01-03 15:58:27', '2026-01-03 15:58:27', '2026-01-03 23:58:27'),
('0a3f6d2d9c6cb8538632a982e8657f5e', 1, '180.190.142.242', 'Mozilla/5.0 (Windows NT 10.0; Win64; x64) AppleWebKit/537.36 (KHTML, like Gecko) Chrome/143.0.0.0 Safari/537.36', '2026-01-03 17:26:55', '2026-01-03 17:26:55', '2026-01-04 01:26:55'),
('101abab45b87f318d4bf497c8c7eb13d', 12, '180.232.85.242', 'Mozilla/5.0 (Windows NT 10.0; Win64; x64) AppleWebKit/537.36 (KHTML, like Gecko) Chrome/143.0.0.0 Safari/537.36', '2026-01-05 09:25:47', '2026-01-05 09:25:47', '2026-01-05 17:25:47'),
('10d44cb29ab19e020160c5d2ea48b304', 12, '180.232.85.242', 'Mozilla/5.0 (Windows NT 10.0; Win64; x64) AppleWebKit/537.36 (KHTML, like Gecko) Chrome/143.0.0.0 Safari/537.36', '2026-01-05 11:10:45', '2026-01-05 11:10:45', '2026-01-05 19:10:45'),
('13704fd3e197877ee909dff579b8cf61', 12, '180.190.142.242', 'Mozilla/5.0 (Windows NT 10.0; Win64; x64) AppleWebKit/537.36 (KHTML, like Gecko) Chrome/143.0.0.0 Safari/537.36', '2026-01-02 03:38:55', '2026-01-02 03:38:55', '2026-01-03 03:38:55'),
('17ab8ccff980d8c05187b64783ef333e', 12, '180.232.85.242', 'Mozilla/5.0 (Windows NT 10.0; Win64; x64) AppleWebKit/537.36 (KHTML, like Gecko) Chrome/143.0.0.0 Safari/537.36', '2026-01-05 09:28:33', '2026-01-05 09:28:33', '2026-01-05 17:28:33'),
('18e6318bc53394d412e3c0a67e5d85bd', 12, '180.232.85.242', 'Mozilla/5.0 (Windows NT 10.0; Win64; x64) AppleWebKit/537.36 (KHTML, like Gecko) Chrome/143.0.0.0 Safari/537.36', '2026-01-05 09:27:06', '2026-01-05 09:27:06', '2026-01-05 17:27:06'),
('1bf5fbe31123a46596938cda85fc30d1', 5, '180.190.142.242', 'Mozilla/5.0 (Windows NT 10.0; Win64; x64) AppleWebKit/537.36 (KHTML, like Gecko) Chrome/143.0.0.0 Safari/537.36', '2025-12-29 04:53:08', '2025-12-29 04:53:08', '2025-12-30 04:53:08'),
('21d6e4217cfd0148b7b79b5a99b8de5d', 3, '180.190.142.242', 'Mozilla/5.0 (Windows NT 10.0; Win64; x64) AppleWebKit/537.36 (KHTML, like Gecko) Chrome/143.0.0.0 Safari/537.36', '2025-12-30 06:18:21', '2025-12-30 06:18:21', '2025-12-31 06:18:21'),
('29b7a8cb52e9bdceab249ab7bf77c97b', 12, '180.190.142.242', 'Mozilla/5.0 (Windows NT 10.0; Win64; x64) AppleWebKit/537.36 (KHTML, like Gecko) Chrome/143.0.0.0 Safari/537.36', '2026-01-02 05:04:06', '2026-01-02 05:04:06', '2026-01-03 05:04:06'),
('2c72edd2e53ee9df042c171b2e40d5a6', 13, '180.190.142.242', 'Mozilla/5.0 (Windows NT 10.0; Win64; x64) AppleWebKit/537.36 (KHTML, like Gecko) Chrome/143.0.0.0 Safari/537.36', '2026-01-04 15:47:52', '2026-01-04 15:47:52', '2026-01-04 23:47:52'),
('31f4b4e708914e770fa691842747accc', 1, '180.190.142.242', 'Mozilla/5.0 (Windows NT 10.0; Win64; x64) AppleWebKit/537.36 (KHTML, like Gecko) Chrome/143.0.0.0 Safari/537.36', '2025-12-29 00:00:08', '2025-12-29 00:00:08', '2025-12-30 00:00:08'),
('350bc23570bed8ddcade4bf727f8d314', 4, '180.190.142.242', 'Mozilla/5.0 (Windows NT 10.0; Win64; x64) AppleWebKit/537.36 (KHTML, like Gecko) Chrome/143.0.0.0 Safari/537.36', '2026-01-02 04:53:55', '2026-01-02 04:53:55', '2026-01-03 04:53:55'),
('350d454db7056cc1d8edec408e7a4def', 2, '180.190.142.242', 'Mozilla/5.0 (Windows NT 10.0; Win64; x64) AppleWebKit/537.36 (KHTML, like Gecko) Chrome/143.0.0.0 Safari/537.36', '2026-01-04 22:06:41', '2026-01-04 22:06:41', '2026-01-05 06:06:41'),
('3683b4e36f0ef2f0250f977a0574b03b', 1, '180.190.142.242', 'Mozilla/5.0 (Windows NT 10.0; Win64; x64) AppleWebKit/537.36 (KHTML, like Gecko) Chrome/143.0.0.0 Safari/537.36', '2025-12-30 06:15:10', '2025-12-30 06:15:10', '2025-12-31 06:15:10'),
('3a9d8920230ebddf7ff37bc6bf541509', 1, '180.190.142.242', 'Mozilla/5.0 (Windows NT 10.0; Win64; x64) AppleWebKit/537.36 (KHTML, like Gecko) Chrome/143.0.0.0 Safari/537.36', '2026-01-02 05:14:37', '2026-01-02 05:14:37', '2026-01-03 05:14:37'),
('3afca264a6df9a056db778ef3edb7d56', 12, '180.190.142.242', 'Mozilla/5.0 (Windows NT 10.0; Win64; x64) AppleWebKit/537.36 (KHTML, like Gecko) Chrome/143.0.0.0 Safari/537.36', '2026-01-02 04:52:18', '2026-01-02 04:52:18', '2026-01-03 04:52:18'),
('47fb27cf2137678d96688041db160495', 12, '180.190.142.242', 'Mozilla/5.0 (Windows NT 10.0; Win64; x64) AppleWebKit/537.36 (KHTML, like Gecko) Chrome/143.0.0.0 Safari/537.36', '2026-01-04 18:58:04', '2026-01-04 18:58:04', '2026-01-05 02:58:04'),
('5098350f8506b8a9474cdd3d096b7479', 12, '180.190.142.242', 'Mozilla/5.0 (Windows NT 10.0; Win64; x64) AppleWebKit/537.36 (KHTML, like Gecko) Chrome/143.0.0.0 Safari/537.36', '2026-01-02 04:53:10', '2026-01-02 04:53:10', '2026-01-03 04:53:10'),
('53901d186633ff511f855211e5dcfe3c', 12, '180.232.85.242', 'Mozilla/5.0 (Windows NT 10.0; Win64; x64) AppleWebKit/537.36 (KHTML, like Gecko) Chrome/143.0.0.0 Safari/537.36', '2026-01-05 09:29:20', '2026-01-05 09:29:20', '2026-01-05 17:29:20'),
('57ab0e00082d7d5711092a32fcdc8005', 12, '180.232.85.242', 'Mozilla/5.0 (Windows NT 10.0; Win64; x64) AppleWebKit/537.36 (KHTML, like Gecko) Chrome/143.0.0.0 Safari/537.36', '2026-01-05 09:27:41', '2026-01-05 09:27:41', '2026-01-05 17:27:41'),
('59eeab22a602bc19cd1f72a5a4a915ce', 2, '180.190.142.242', 'Mozilla/5.0 (Windows NT 10.0; Win64; x64) AppleWebKit/537.36 (KHTML, like Gecko) Chrome/143.0.0.0 Safari/537.36', '2026-01-04 21:42:15', '2026-01-04 21:42:15', '2026-01-05 05:42:15'),
('62625097c174b167b41f0bffdb237fd0', 2, '180.232.85.242', 'Mozilla/5.0 (Windows NT 10.0; Win64; x64) AppleWebKit/537.36 (KHTML, like Gecko) Chrome/143.0.0.0 Safari/537.36', '2026-01-05 11:11:49', '2026-01-05 11:11:49', '2026-01-05 19:11:49'),
('628f73393f0baf2301bd85c898f1bbf1', 12, '180.190.142.242', 'Mozilla/5.0 (Windows NT 10.0; Win64; x64) AppleWebKit/537.36 (KHTML, like Gecko) Chrome/143.0.0.0 Safari/537.36', '2026-01-03 16:00:25', '2026-01-03 16:00:25', '2026-01-04 00:00:25'),
('68f448b57c3b1c95002f33df59d86b45', 2, '180.190.142.242', 'Mozilla/5.0 (Windows NT 10.0; Win64; x64) AppleWebKit/537.36 (KHTML, like Gecko) Chrome/143.0.0.0 Safari/537.36', '2026-01-03 16:02:00', '2026-01-03 16:02:00', '2026-01-04 00:02:00'),
('6d6a0b923a0ab6634c630570456964d3', 2, '180.190.142.242', 'Mozilla/5.0 (Windows NT 10.0; Win64; x64) AppleWebKit/537.36 (KHTML, like Gecko) Chrome/143.0.0.0 Safari/537.36', '2025-12-30 06:18:42', '2025-12-30 06:18:42', '2025-12-31 06:18:42'),
('6dafe9f583ecacc2a6fb24622c236d1f', 5, '180.190.142.242', 'Mozilla/5.0 (Windows NT 10.0; Win64; x64) AppleWebKit/537.36 (KHTML, like Gecko) Chrome/143.0.0.0 Safari/537.36', '2025-12-29 02:54:32', '2025-12-29 02:54:32', '2025-12-30 02:54:32'),
('6fa2e86f15c0a16360b1bb36c58b4fdf', 7, '180.190.142.242', 'Mozilla/5.0 (Windows NT 10.0; Win64; x64) AppleWebKit/537.36 (KHTML, like Gecko) Chrome/143.0.0.0 Safari/537.36', '2025-12-29 06:55:25', '2025-12-29 06:55:25', '2025-12-30 06:55:25'),
('78f42fedcb959918db74ce49bbf6b9f6', 2, '180.190.142.242', 'Mozilla/5.0 (Windows NT 10.0; Win64; x64) AppleWebKit/537.36 (KHTML, like Gecko) Chrome/143.0.0.0 Safari/537.36', '2026-01-04 21:55:45', '2026-01-04 21:55:45', '2026-01-05 05:55:45'),
('7f0ab0d288108ce06187754c9c849fcb', 3, '180.190.142.242', 'Mozilla/5.0 (Windows NT 10.0; Win64; x64) AppleWebKit/537.36 (KHTML, like Gecko) Chrome/143.0.0.0 Safari/537.36', '2025-12-29 06:07:22', '2025-12-29 06:07:22', '2025-12-30 06:07:22'),
('8170af439bdfe8e7a1af6bf951d19c36', 3, '180.190.142.242', 'Mozilla/5.0 (Windows NT 10.0; Win64; x64) AppleWebKit/537.36 (KHTML, like Gecko) Chrome/143.0.0.0 Safari/537.36', '2026-01-03 16:02:36', '2026-01-03 16:02:36', '2026-01-04 00:02:36'),
('846585b0b7fed4e793ce9b6dd799e650', 12, '180.190.142.242', 'Mozilla/5.0 (Windows NT 10.0; Win64; x64) AppleWebKit/537.36 (KHTML, like Gecko) Chrome/143.0.0.0 Safari/537.36', '2026-01-02 01:00:14', '2026-01-02 01:00:14', '2026-01-03 01:00:14'),
('951fb24d9c1f5b647c9fc5cf3fce64de', 3, '180.190.142.242', 'Mozilla/5.0 (Windows NT 10.0; Win64; x64) AppleWebKit/537.36 (KHTML, like Gecko) Chrome/143.0.0.0 Safari/537.36', '2026-01-04 21:36:39', '2026-01-04 21:36:39', '2026-01-05 05:36:39'),
('9fd4d863459e1281ffb9fc9e6051c06c', 1, '180.190.142.242', 'Mozilla/5.0 (Windows NT 10.0; Win64; x64) AppleWebKit/537.36 (KHTML, like Gecko) Chrome/143.0.0.0 Safari/537.36', '2026-01-03 17:58:25', '2026-01-03 17:58:25', '2026-01-04 01:58:25'),
('a6819ee058f807d00d30a8351bd4bd60', 2, '180.190.142.242', 'Mozilla/5.0 (Windows NT 10.0; Win64; x64) AppleWebKit/537.36 (KHTML, like Gecko) Chrome/143.0.0.0 Safari/537.36', '2026-01-04 21:35:44', '2026-01-04 21:35:44', '2026-01-05 05:35:44'),
('b2bcd2e96cab08a58c6983b32a682b4e', 1, '180.190.142.242', 'Mozilla/5.0 (Windows NT 10.0; Win64; x64) AppleWebKit/537.36 (KHTML, like Gecko) Chrome/143.0.0.0 Safari/537.36', '2026-01-04 22:18:29', '2026-01-04 22:18:29', '2026-01-05 06:18:29'),
('b8281ad15af69854b4f1300fb18f75aa', 5, '180.190.142.242', 'Mozilla/5.0 (Windows NT 10.0; Win64; x64) AppleWebKit/537.36 (KHTML, like Gecko) Chrome/143.0.0.0 Safari/537.36', '2025-12-29 05:34:48', '2025-12-29 05:34:48', '2025-12-30 05:34:48'),
('c1213479c8340516e2aaa7253a0561df', 12, '180.190.142.242', 'Mozilla/5.0 (Windows NT 10.0; Win64; x64) AppleWebKit/537.36 (KHTML, like Gecko) Chrome/143.0.0.0 Safari/537.36', '2026-01-02 04:54:53', '2026-01-02 04:54:53', '2026-01-03 04:54:53'),
('c5241aaf0b77777572e7f44b014cee8b', 1, '180.190.142.242', 'Mozilla/5.0 (Windows NT 10.0; Win64; x64) AppleWebKit/537.36 (KHTML, like Gecko) Chrome/143.0.0.0 Safari/537.36', '2026-01-03 15:57:25', '2026-01-03 15:57:25', '2026-01-03 23:57:25'),
('d049193529e0b86eeb1fe23e5117bb27', 1, '103.21.12.210', 'Mozilla/5.0 (Windows NT 10.0; Win64; x64) AppleWebKit/537.36 (KHTML, like Gecko) Chrome/143.0.0.0 Safari/537.36', '2026-01-05 12:25:45', '2026-01-05 12:25:45', '2026-01-05 20:25:45'),
('dbaafbcd2d753130ef95f948cb3850b9', 1, '180.190.142.242', 'Mozilla/5.0 (Windows NT 10.0; Win64; x64) AppleWebKit/537.36 (KHTML, like Gecko) Chrome/143.0.0.0 Safari/537.36', '2026-01-03 16:13:45', '2026-01-03 16:13:45', '2026-01-04 00:13:45'),
('dff5df9b1a5548b79de7b97002116e5e', 12, '180.190.142.242', 'Mozilla/5.0 (Windows NT 10.0; Win64; x64) AppleWebKit/537.36 (KHTML, like Gecko) Chrome/143.0.0.0 Safari/537.36', '2026-01-03 16:07:18', '2026-01-03 16:07:18', '2026-01-04 00:07:18'),
('e4a9a74285be21f34c25dd1697d3cbeb', 5, '180.190.142.242', 'Mozilla/5.0 (Windows NT 10.0; Win64; x64) AppleWebKit/537.36 (KHTML, like Gecko) Chrome/143.0.0.0 Safari/537.36', '2025-12-29 03:26:38', '2025-12-29 03:26:38', '2025-12-30 03:26:38'),
('e75b2c1b6047924ec4d418dd8092baee', 2, '180.190.142.242', 'Mozilla/5.0 (Windows NT 10.0; Win64; x64) AppleWebKit/537.36 (KHTML, like Gecko) Chrome/143.0.0.0 Safari/537.36', '2026-01-04 21:40:34', '2026-01-04 21:40:34', '2026-01-05 05:40:34'),
('f48c8dec3f712f7e461e6c5b317d2c7c', 12, '180.190.142.242', 'Mozilla/5.0 (Windows NT 10.0; Win64; x64) AppleWebKit/537.36 (KHTML, like Gecko) Chrome/143.0.0.0 Safari/537.36', '2026-01-02 04:50:28', '2026-01-02 04:50:28', '2026-01-03 04:50:28'),
('f4fe7a7a4235c16ae88557f510c26e92', 7, '180.190.142.242', 'Mozilla/5.0 (Windows NT 10.0; Win64; x64) AppleWebKit/537.36 (KHTML, like Gecko) Chrome/143.0.0.0 Safari/537.36', '2025-12-30 06:44:56', '2025-12-30 06:44:56', '2025-12-31 06:44:56'),
('fd4be0ad7cf3b57714d5a31e933c4447', 12, '180.232.85.242', 'Mozilla/5.0 (Windows NT 10.0; Win64; x64) AppleWebKit/537.36 (KHTML, like Gecko) Chrome/143.0.0.0 Safari/537.36', '2026-01-05 09:25:23', '2026-01-05 09:25:23', '2026-01-05 17:25:23');

-- --------------------------------------------------------

--
-- Table structure for table `vital_signs`
--

CREATE TABLE `vital_signs` (
  `vital_signs_id` int(11) NOT NULL,
  `patient_id` int(11) NOT NULL,
  `weight_kg` decimal(5,2) DEFAULT NULL,
  `height_cm` decimal(5,2) DEFAULT NULL,
  `systolic_pressure` int(11) DEFAULT NULL,
  `diastolic_pressure` int(11) DEFAULT NULL,
  `heart_rate` int(11) DEFAULT NULL,
  `temperature_celsius` decimal(4,2) DEFAULT NULL,
  `recorded_at` datetime NOT NULL DEFAULT current_timestamp()
) ENGINE=InnoDB DEFAULT CHARSET=utf8mb4 COLLATE=utf8mb4_unicode_ci;

--
-- Indexes for dumped tables
--

--
-- Indexes for table `appointment`
--
ALTER TABLE `appointment`
  ADD PRIMARY KEY (`appointment_id`),
  ADD KEY `idx_date_status` (`appointment_date`,`appointment_status`),
  ADD KEY `idx_patient_date` (`patient_id`,`appointment_date`),
  ADD KEY `idx_doctor_date` (`doctor_user_id`,`appointment_date`);

--
-- Indexes for table `audit_log`
--
ALTER TABLE `audit_log`
  ADD PRIMARY KEY (`audit_log_id`),
  ADD KEY `user_id` (`user_id`),
  ADD KEY `idx_table_record` (`table_name`,`record_id`);

--
-- Indexes for table `billing`
--
ALTER TABLE `billing`
  ADD PRIMARY KEY (`billing_id`),
  ADD KEY `consultation_id` (`consultation_id`),
  ADD KEY `idx_patient_status` (`patient_id`,`payment_status`),
  ADD KEY `idx_created` (`created_at`);

--
-- Indexes for table `consultation`
--
ALTER TABLE `consultation`
  ADD PRIMARY KEY (`consultation_id`),
  ADD KEY `fk_cons_patient` (`patient_id`),
  ADD KEY `fk_cons_doctor` (`doctor_user_id`);

--
-- Indexes for table `doctor_schedule`
--
ALTER TABLE `doctor_schedule`
  ADD PRIMARY KEY (`schedule_id`),
  ADD KEY `fk_schedule_doctor` (`doctor_user_id`);

--
-- Indexes for table `documents`
--
ALTER TABLE `documents`
  ADD PRIMARY KEY (`document_id`),
  ADD KEY `idx_uploader` (`uploader_user_id`),
  ADD KEY `idx_patient` (`patient_id`),
  ADD KEY `idx_category` (`category`);

--
-- Indexes for table `hmo_claim`
--
ALTER TABLE `hmo_claim`
  ADD PRIMARY KEY (`hmo_claim_id`),
  ADD UNIQUE KEY `claim_reference` (`claim_reference`),
  ADD KEY `billing_id` (`billing_id`),
  ADD KEY `patient_id` (`patient_id`),
  ADD KEY `idx_status_submitted` (`claim_status`,`claim_submitted_at`);

--
-- Indexes for table `laboratory_test`
--
ALTER TABLE `laboratory_test`
  ADD PRIMARY KEY (`laboratory_test_id`),
  ADD KEY `consultation_id` (`consultation_id`),
  ADD KEY `idx_patient_status` (`patient_id`,`status`),
  ADD KEY `idx_ordered` (`ordered_at`);

--
-- Indexes for table `messages`
--
ALTER TABLE `messages`
  ADD PRIMARY KEY (`id`),
  ADD KEY `idx_sender` (`sender_id`),
  ADD KEY `idx_receiver` (`receiver_id`);

--
-- Indexes for table `notifications`
--
ALTER TABLE `notifications`
  ADD PRIMARY KEY (`id`),
  ADD KEY `idx_user_read` (`user_id`,`is_read`);

--
-- Indexes for table `password_reset_tokens`
--
ALTER TABLE `password_reset_tokens`
  ADD PRIMARY KEY (`password_reset_token_id`),
  ADD UNIQUE KEY `uniq_token_hash` (`token_hash`),
  ADD KEY `idx_user_expires` (`user_id`,`expires_at`),
  ADD KEY `idx_expires` (`expires_at`);

--
-- Indexes for table `patient`
--
ALTER TABLE `patient`
  ADD PRIMARY KEY (`patient_id`),
  ADD UNIQUE KEY `user_id` (`user_id`),
  ADD UNIQUE KEY `identification_number` (`identification_number`),
  ADD KEY `idx_patient_deleted` (`deleted_at`),
  ADD KEY `idx_patient_user` (`user_id`);

--
-- Indexes for table `patient_queue`
--
ALTER TABLE `patient_queue`
  ADD PRIMARY KEY (`queue_id`),
  ADD KEY `fk_queue_appointment` (`appointment_id`),
  ADD KEY `fk_queue_patient` (`patient_id`),
  ADD KEY `fk_queue_doctor` (`doctor_user_id`);

--
-- Indexes for table `payment`
--
ALTER TABLE `payment`
  ADD PRIMARY KEY (`payment_id`),
  ADD KEY `recorded_by_user_id` (`recorded_by_user_id`),
  ADD KEY `idx_billing_paidat` (`billing_id`,`paid_at`),
  ADD KEY `idx_patient_paidat` (`patient_id`,`paid_at`),
  ADD KEY `idx_reference` (`reference_no`);

--
-- Indexes for table `prenatal_baseline`
--
ALTER TABLE `prenatal_baseline`
  ADD PRIMARY KEY (`prenatal_baseline_id`),
  ADD UNIQUE KEY `unique_pregnancy` (`patient_id`,`lmp_date`),
  ADD KEY `idx_patient_edd` (`patient_id`,`estimated_due_date`);

--
-- Indexes for table `prenatal_visit`
--
ALTER TABLE `prenatal_visit`
  ADD PRIMARY KEY (`prenatal_visit_id`),
  ADD KEY `patient_id` (`patient_id`),
  ADD KEY `idx_baseline_time` (`prenatal_baseline_id`,`visit_recorded_at`);

--
-- Indexes for table `prescription`
--
ALTER TABLE `prescription`
  ADD PRIMARY KEY (`prescription_id`),
  ADD KEY `fk_presc_patient` (`patient_id`),
  ADD KEY `fk_presc_doctor` (`doctor_user_id`);

--
-- Indexes for table `sms_logs`
--
ALTER TABLE `sms_logs`
  ADD PRIMARY KEY (`id`),
  ADD KEY `user_id` (`user_id`);

--
-- Indexes for table `sms_reminders`
--
ALTER TABLE `sms_reminders`
  ADD PRIMARY KEY (`id`),
  ADD KEY `user_id` (`user_id`),
  ADD KEY `idx_schedule_status` (`scheduled_for`,`status`);

--
-- Indexes for table `user`
--
ALTER TABLE `user`
  ADD PRIMARY KEY (`user_id`),
  ADD UNIQUE KEY `username` (`username`),
  ADD UNIQUE KEY `email` (`email`),
  ADD KEY `idx_role` (`role`),
  ADD KEY `idx_last_activity` (`last_activity_at`),
  ADD KEY `idx_email` (`email`);

--
-- Indexes for table `user_2fa_recovery_codes`
--
ALTER TABLE `user_2fa_recovery_codes`
  ADD PRIMARY KEY (`recovery_code_id`),
  ADD UNIQUE KEY `uniq_user_codehash` (`user_id`,`code_hash`),
  ADD KEY `idx_user_used` (`user_id`,`used_at`);

--
-- Indexes for table `user_sessions`
--
ALTER TABLE `user_sessions`
  ADD PRIMARY KEY (`session_id`),
  ADD KEY `idx_user` (`user_id`),
  ADD KEY `idx_expires` (`expires_at`);

--
-- Indexes for table `vital_signs`
--
ALTER TABLE `vital_signs`
  ADD PRIMARY KEY (`vital_signs_id`),
  ADD KEY `idx_patient_time` (`patient_id`,`recorded_at`);

--
-- AUTO_INCREMENT for dumped tables
--

--
-- AUTO_INCREMENT for table `appointment`
--
ALTER TABLE `appointment`
  MODIFY `appointment_id` int(11) NOT NULL AUTO_INCREMENT, AUTO_INCREMENT=5;

--
-- AUTO_INCREMENT for table `audit_log`
--
ALTER TABLE `audit_log`
  MODIFY `audit_log_id` int(11) NOT NULL AUTO_INCREMENT, AUTO_INCREMENT=470;

--
-- AUTO_INCREMENT for table `billing`
--
ALTER TABLE `billing`
  MODIFY `billing_id` int(11) NOT NULL AUTO_INCREMENT;

--
-- AUTO_INCREMENT for table `consultation`
--
ALTER TABLE `consultation`
  MODIFY `consultation_id` int(11) NOT NULL AUTO_INCREMENT;

--
-- AUTO_INCREMENT for table `doctor_schedule`
--
ALTER TABLE `doctor_schedule`
  MODIFY `schedule_id` int(11) NOT NULL AUTO_INCREMENT, AUTO_INCREMENT=15;

--
-- AUTO_INCREMENT for table `documents`
--
ALTER TABLE `documents`
  MODIFY `document_id` int(11) NOT NULL AUTO_INCREMENT, AUTO_INCREMENT=2;

--
-- AUTO_INCREMENT for table `hmo_claim`
--
ALTER TABLE `hmo_claim`
  MODIFY `hmo_claim_id` int(11) NOT NULL AUTO_INCREMENT;

--
-- AUTO_INCREMENT for table `laboratory_test`
--
ALTER TABLE `laboratory_test`
  MODIFY `laboratory_test_id` int(11) NOT NULL AUTO_INCREMENT;

--
-- AUTO_INCREMENT for table `messages`
--
ALTER TABLE `messages`
  MODIFY `id` int(11) NOT NULL AUTO_INCREMENT, AUTO_INCREMENT=17;

--
-- AUTO_INCREMENT for table `notifications`
--
ALTER TABLE `notifications`
  MODIFY `id` int(11) NOT NULL AUTO_INCREMENT;

--
-- AUTO_INCREMENT for table `password_reset_tokens`
--
ALTER TABLE `password_reset_tokens`
  MODIFY `password_reset_token_id` int(11) NOT NULL AUTO_INCREMENT, AUTO_INCREMENT=15;

--
-- AUTO_INCREMENT for table `patient`
--
ALTER TABLE `patient`
  MODIFY `patient_id` int(11) NOT NULL AUTO_INCREMENT, AUTO_INCREMENT=14;

--
-- AUTO_INCREMENT for table `patient_queue`
--
ALTER TABLE `patient_queue`
  MODIFY `queue_id` int(11) NOT NULL AUTO_INCREMENT;

--
-- AUTO_INCREMENT for table `payment`
--
ALTER TABLE `payment`
  MODIFY `payment_id` int(11) NOT NULL AUTO_INCREMENT;

--
-- AUTO_INCREMENT for table `prenatal_baseline`
--
ALTER TABLE `prenatal_baseline`
  MODIFY `prenatal_baseline_id` int(11) NOT NULL AUTO_INCREMENT, AUTO_INCREMENT=2;

--
-- AUTO_INCREMENT for table `prenatal_visit`
--
ALTER TABLE `prenatal_visit`
  MODIFY `prenatal_visit_id` int(11) NOT NULL AUTO_INCREMENT, AUTO_INCREMENT=2;

--
-- AUTO_INCREMENT for table `prescription`
--
ALTER TABLE `prescription`
  MODIFY `prescription_id` int(11) NOT NULL AUTO_INCREMENT;

--
-- AUTO_INCREMENT for table `sms_logs`
--
ALTER TABLE `sms_logs`
  MODIFY `id` int(11) NOT NULL AUTO_INCREMENT;

--
-- AUTO_INCREMENT for table `sms_reminders`
--
ALTER TABLE `sms_reminders`
  MODIFY `id` int(11) NOT NULL AUTO_INCREMENT;

--
-- AUTO_INCREMENT for table `user`
--
ALTER TABLE `user`
  MODIFY `user_id` int(11) NOT NULL AUTO_INCREMENT, AUTO_INCREMENT=20;

--
-- AUTO_INCREMENT for table `user_2fa_recovery_codes`
--
ALTER TABLE `user_2fa_recovery_codes`
  MODIFY `recovery_code_id` int(11) NOT NULL AUTO_INCREMENT;

--
-- AUTO_INCREMENT for table `vital_signs`
--
ALTER TABLE `vital_signs`
  MODIFY `vital_signs_id` int(11) NOT NULL AUTO_INCREMENT;

--
-- Constraints for dumped tables
--

--
-- Constraints for table `appointment`
--
ALTER TABLE `appointment`
  ADD CONSTRAINT `appointment_ibfk_1` FOREIGN KEY (`patient_id`) REFERENCES `patient` (`patient_id`) ON DELETE CASCADE,
  ADD CONSTRAINT `appointment_ibfk_2` FOREIGN KEY (`doctor_user_id`) REFERENCES `user` (`user_id`) ON DELETE SET NULL;

--
-- Constraints for table `audit_log`
--
ALTER TABLE `audit_log`
  ADD CONSTRAINT `audit_log_ibfk_1` FOREIGN KEY (`user_id`) REFERENCES `user` (`user_id`) ON DELETE SET NULL;

--
-- Constraints for table `billing`
--
ALTER TABLE `billing`
  ADD CONSTRAINT `billing_ibfk_1` FOREIGN KEY (`patient_id`) REFERENCES `patient` (`patient_id`) ON DELETE CASCADE,
  ADD CONSTRAINT `billing_ibfk_2` FOREIGN KEY (`consultation_id`) REFERENCES `consultation` (`consultation_id`) ON DELETE SET NULL;

--
-- Constraints for table `consultation`
--
ALTER TABLE `consultation`
  ADD CONSTRAINT `consultation_ibfk_1` FOREIGN KEY (`patient_id`) REFERENCES `patient` (`patient_id`) ON DELETE CASCADE,
  ADD CONSTRAINT `fk_cons_doctor` FOREIGN KEY (`doctor_user_id`) REFERENCES `user` (`user_id`) ON DELETE CASCADE,
  ADD CONSTRAINT `fk_cons_patient` FOREIGN KEY (`patient_id`) REFERENCES `patient` (`patient_id`) ON DELETE CASCADE;

--
-- Constraints for table `doctor_schedule`
--
ALTER TABLE `doctor_schedule`
  ADD CONSTRAINT `fk_schedule_doctor` FOREIGN KEY (`doctor_user_id`) REFERENCES `user` (`user_id`) ON DELETE CASCADE;

--
-- Constraints for table `documents`
--
ALTER TABLE `documents`
  ADD CONSTRAINT `fk_docs_patient` FOREIGN KEY (`patient_id`) REFERENCES `patient` (`patient_id`) ON DELETE SET NULL,
  ADD CONSTRAINT `fk_docs_uploader` FOREIGN KEY (`uploader_user_id`) REFERENCES `user` (`user_id`) ON DELETE CASCADE;

--
-- Constraints for table `hmo_claim`
--
ALTER TABLE `hmo_claim`
  ADD CONSTRAINT `hmo_claim_ibfk_1` FOREIGN KEY (`billing_id`) REFERENCES `billing` (`billing_id`) ON DELETE CASCADE,
  ADD CONSTRAINT `hmo_claim_ibfk_2` FOREIGN KEY (`patient_id`) REFERENCES `patient` (`patient_id`) ON DELETE CASCADE;

--
-- Constraints for table `laboratory_test`
--
ALTER TABLE `laboratory_test`
  ADD CONSTRAINT `laboratory_test_ibfk_1` FOREIGN KEY (`patient_id`) REFERENCES `patient` (`patient_id`) ON DELETE CASCADE,
  ADD CONSTRAINT `laboratory_test_ibfk_2` FOREIGN KEY (`consultation_id`) REFERENCES `consultation` (`consultation_id`) ON DELETE SET NULL;

--
-- Constraints for table `messages`
--
ALTER TABLE `messages`
  ADD CONSTRAINT `messages_ibfk_1` FOREIGN KEY (`sender_id`) REFERENCES `user` (`user_id`) ON DELETE CASCADE,
  ADD CONSTRAINT `messages_ibfk_2` FOREIGN KEY (`receiver_id`) REFERENCES `user` (`user_id`) ON DELETE CASCADE;

--
-- Constraints for table `notifications`
--
ALTER TABLE `notifications`
  ADD CONSTRAINT `notifications_ibfk_1` FOREIGN KEY (`user_id`) REFERENCES `user` (`user_id`) ON DELETE CASCADE;

--
-- Constraints for table `password_reset_tokens`
--
ALTER TABLE `password_reset_tokens`
  ADD CONSTRAINT `password_reset_tokens_ibfk_1` FOREIGN KEY (`user_id`) REFERENCES `user` (`user_id`) ON DELETE CASCADE;

--
-- Constraints for table `patient`
--
ALTER TABLE `patient`
  ADD CONSTRAINT `patient_ibfk_1` FOREIGN KEY (`user_id`) REFERENCES `user` (`user_id`) ON DELETE SET NULL;

--
-- Constraints for table `patient_queue`
--
ALTER TABLE `patient_queue`
  ADD CONSTRAINT `fk_queue_appointment` FOREIGN KEY (`appointment_id`) REFERENCES `appointment` (`appointment_id`) ON DELETE CASCADE,
  ADD CONSTRAINT `fk_queue_doctor` FOREIGN KEY (`doctor_user_id`) REFERENCES `user` (`user_id`) ON DELETE SET NULL,
  ADD CONSTRAINT `fk_queue_patient` FOREIGN KEY (`patient_id`) REFERENCES `patient` (`patient_id`) ON DELETE CASCADE;

--
-- Constraints for table `payment`
--
ALTER TABLE `payment`
  ADD CONSTRAINT `payment_ibfk_1` FOREIGN KEY (`billing_id`) REFERENCES `billing` (`billing_id`) ON DELETE CASCADE,
  ADD CONSTRAINT `payment_ibfk_2` FOREIGN KEY (`patient_id`) REFERENCES `patient` (`patient_id`) ON DELETE CASCADE,
  ADD CONSTRAINT `payment_ibfk_3` FOREIGN KEY (`recorded_by_user_id`) REFERENCES `user` (`user_id`) ON DELETE SET NULL;

--
-- Constraints for table `prenatal_baseline`
--
ALTER TABLE `prenatal_baseline`
  ADD CONSTRAINT `prenatal_baseline_ibfk_1` FOREIGN KEY (`patient_id`) REFERENCES `patient` (`patient_id`) ON DELETE CASCADE;

--
-- Constraints for table `prenatal_visit`
--
ALTER TABLE `prenatal_visit`
  ADD CONSTRAINT `prenatal_visit_ibfk_1` FOREIGN KEY (`patient_id`) REFERENCES `patient` (`patient_id`) ON DELETE CASCADE,
  ADD CONSTRAINT `prenatal_visit_ibfk_2` FOREIGN KEY (`prenatal_baseline_id`) REFERENCES `prenatal_baseline` (`prenatal_baseline_id`) ON DELETE CASCADE;

--
-- Constraints for table `prescription`
--
ALTER TABLE `prescription`
  ADD CONSTRAINT `fk_presc_doctor` FOREIGN KEY (`doctor_user_id`) REFERENCES `user` (`user_id`) ON DELETE CASCADE,
  ADD CONSTRAINT `fk_presc_patient` FOREIGN KEY (`patient_id`) REFERENCES `patient` (`patient_id`) ON DELETE CASCADE;

--
-- Constraints for table `sms_logs`
--
ALTER TABLE `sms_logs`
  ADD CONSTRAINT `sms_logs_ibfk_1` FOREIGN KEY (`user_id`) REFERENCES `user` (`user_id`) ON DELETE CASCADE;

--
-- Constraints for table `sms_reminders`
--
ALTER TABLE `sms_reminders`
  ADD CONSTRAINT `sms_reminders_ibfk_1` FOREIGN KEY (`user_id`) REFERENCES `user` (`user_id`) ON DELETE CASCADE;

--
-- Constraints for table `user_2fa_recovery_codes`
--
ALTER TABLE `user_2fa_recovery_codes`
  ADD CONSTRAINT `user_2fa_recovery_codes_ibfk_1` FOREIGN KEY (`user_id`) REFERENCES `user` (`user_id`) ON DELETE CASCADE;

--
-- Constraints for table `user_sessions`
--
ALTER TABLE `user_sessions`
  ADD CONSTRAINT `user_sessions_ibfk_1` FOREIGN KEY (`user_id`) REFERENCES `user` (`user_id`) ON DELETE CASCADE;

--
-- Constraints for table `vital_signs`
--
ALTER TABLE `vital_signs`
  ADD CONSTRAINT `vital_signs_ibfk_1` FOREIGN KEY (`patient_id`) REFERENCES `patient` (`patient_id`) ON DELETE CASCADE;
COMMIT;

/*!40101 SET CHARACTER_SET_CLIENT=@OLD_CHARACTER_SET_CLIENT */;
/*!40101 SET CHARACTER_SET_RESULTS=@OLD_CHARACTER_SET_RESULTS */;
/*!40101 SET COLLATION_CONNECTION=@OLD_COLLATION_CONNECTION */;
