-- phpMyAdmin SQL Dump
-- version 5.2.1
-- https://www.phpmyadmin.net/
--
-- Host: 127.0.0.1:3307
-- Generation Time: Jan 19, 2026 at 02:58 AM
-- Server version: 10.4.32-MariaDB
-- PHP Version: 8.0.30

SET SQL_MODE = "NO_AUTO_VALUE_ON_ZERO";
START TRANSACTION;
SET time_zone = "+00:00";


/*!40101 SET @OLD_CHARACTER_SET_CLIENT=@@CHARACTER_SET_CLIENT */;
/*!40101 SET @OLD_CHARACTER_SET_RESULTS=@@CHARACTER_SET_RESULTS */;
/*!40101 SET @OLD_COLLATION_CONNECTION=@@COLLATION_CONNECTION */;
/*!40101 SET NAMES utf8mb4 */;

--
-- Database: `matriflow_db`
--

-- --------------------------------------------------------

--
-- Table structure for table `appointment`
--

CREATE TABLE `appointment` (
  `appointment_id` int(11) NOT NULL,
  `user_id` int(11) NOT NULL,
  `doctor_user_id` int(11) DEFAULT NULL,
  `appointment_purpose` varchar(100) DEFAULT NULL,
  `appointment_status` enum('pending','scheduled','checked_in','in_consultation','completed','cancelled','no_show') NOT NULL DEFAULT 'pending',
  `appointment_date` datetime NOT NULL,
  `created_at` datetime NOT NULL DEFAULT current_timestamp(),
  `updated_at` datetime NOT NULL DEFAULT current_timestamp() ON UPDATE current_timestamp(),
  `deleted_at` datetime DEFAULT NULL
) ENGINE=InnoDB DEFAULT CHARSET=utf8mb4 COLLATE=utf8mb4_unicode_ci;

--
-- Dumping data for table `appointment`
--

INSERT INTO `appointment` (`appointment_id`, `user_id`, `doctor_user_id`, `appointment_purpose`, `appointment_status`, `appointment_date`, `created_at`, `updated_at`, `deleted_at`) VALUES
(1, 12, 2, 'Test', 'no_show', '2026-01-10 16:40:00', '2026-01-03 16:37:44', '2026-01-18 16:13:59', NULL),
(2, 16, 15, 'test', 'cancelled', '2026-01-06 15:00:00', '2026-01-05 12:43:10', '2026-01-14 18:31:54', NULL),
(3, 12, 2, 'test', 'cancelled', '2026-01-05 16:30:00', '2026-01-05 18:06:06', '2026-01-10 14:02:33', NULL),
(4, 12, 2, 'test3', 'cancelled', '2026-01-10 16:30:00', '2026-01-05 18:06:29', '2026-01-10 14:02:33', NULL),
(5, 12, NULL, 'afasf', 'cancelled', '2026-01-07 20:58:00', '2026-01-07 20:59:25', '2026-01-12 18:13:24', NULL),
(6, 12, NULL, 'dfgf', 'cancelled', '2026-01-15 22:00:00', '2026-01-10 22:53:12', '2026-01-10 22:57:48', NULL),
(7, 12, NULL, 'Test', 'cancelled', '2026-01-15 16:10:00', '2026-01-14 16:11:00', '2026-01-14 16:11:16', NULL),
(8, 12, NULL, 'vbdsuf', 'completed', '2026-01-15 16:10:00', '2026-01-14 16:11:34', '2026-01-14 16:14:10', NULL),
(9, 12, NULL, 'wser', 'no_show', '2026-01-15 16:14:00', '2026-01-14 16:14:42', '2026-01-15 10:24:50', NULL),
(10, 16, NULL, 'sdv', 'no_show', '2026-01-15 16:22:00', '2026-01-14 16:23:13', '2026-01-14 19:58:54', NULL),
(11, 12, NULL, 'seffs', 'completed', '2026-01-15 16:23:00', '2026-01-14 16:23:34', '2026-01-17 18:29:14', NULL);

-- --------------------------------------------------------

--
-- Table structure for table `audit_log`
--

CREATE TABLE `audit_log` (
  `audit_log_id` int(11) NOT NULL,
  `user_id` int(11) DEFAULT NULL,
  `table_name` varchar(100) DEFAULT NULL,
  `operation` enum('INSERT','UPDATE','DELETE','LOGIN','LOGOUT') DEFAULT NULL,
  `record_id` int(11) DEFAULT NULL,
  `changes_made` text DEFAULT NULL,
  `ip_address` varchar(45) DEFAULT NULL,
  `logged_at` datetime DEFAULT current_timestamp()
) ENGINE=InnoDB DEFAULT CHARSET=utf8mb4 COLLATE=utf8mb4_general_ci;

--
-- Dumping data for table `audit_log`
--

INSERT INTO `audit_log` (`audit_log_id`, `user_id`, `table_name`, `operation`, `record_id`, `changes_made`, `ip_address`, `logged_at`) VALUES
(1, 1, 'user', 'LOGIN', 1, 'success', '180.190.142.242', '2025-12-28 23:50:47'),
(2, 1, 'user', 'LOGIN', 1, '2fa_ok', '180.190.142.242', '2025-12-28 23:51:06'),
(3, 1, NULL, 'LOGOUT', NULL, NULL, '180.190.142.242', '2025-12-28 23:55:17'),
(4, 1, 'user', 'LOGIN', 1, 'success', '180.190.142.242', '2025-12-28 23:55:26'),
(5, 1, 'user', 'LOGIN', 1, '2fa_failed', '180.190.142.242', '2025-12-28 23:55:39'),
(6, 1, 'user', 'LOGIN', 1, '2fa_ok', '180.190.142.242', '2025-12-28 23:55:48'),
(7, 1, NULL, 'LOGOUT', NULL, NULL, '180.190.142.242', '2025-12-28 23:58:37'),
(8, 1, 'user', 'LOGIN', 1, 'success', '180.190.142.242', '2025-12-28 23:58:44'),
(9, 1, 'user', 'LOGIN', 1, '2fa_ok', '180.190.142.242', '2025-12-28 23:58:50'),
(10, 1, NULL, 'LOGOUT', NULL, NULL, '180.190.142.242', '2025-12-29 00:00:00'),
(11, 1, 'user', 'LOGIN', 1, 'success', '180.190.142.242', '2025-12-29 00:00:08'),
(12, 1, 'user', 'LOGIN', 1, '2fa_ok', '180.190.142.242', '2025-12-29 00:00:14'),
(13, 1, 'user', 'LOGIN', 1, 'success', '180.190.142.242', '2025-12-29 00:01:26'),
(14, 1, 'user', 'LOGIN', 1, '2fa_ok', '180.190.142.242', '2025-12-29 07:01:34'),
(15, 1, NULL, 'LOGOUT', NULL, NULL, '180.190.142.242', '2025-12-29 00:03:08'),
(16, 1, 'user', 'LOGIN', 1, 'failed_login', '180.190.142.242', '2025-12-29 00:10:01'),
(17, 5, 'user', 'INSERT', 5, 'patient_registration', '180.190.142.242', '2025-12-29 00:25:31'),
(18, 5, 'patient', 'INSERT', 1, 'patient_profile_created', '180.190.142.242', '2025-12-29 00:25:31'),
(19, 5, 'user', 'UPDATE', 5, '2fa_enabled', '180.190.142.242', '2025-12-29 00:26:15'),
(20, 5, NULL, 'LOGOUT', NULL, NULL, '180.190.142.242', '2025-12-29 00:26:27'),
(21, 5, 'user', 'LOGIN', 5, 'success', '180.190.142.242', '2025-12-29 00:26:37'),
(22, 5, 'user', 'LOGIN', 5, '2fa_ok', '180.190.142.242', '2025-12-29 00:26:46'),
(23, 5, NULL, 'LOGOUT', NULL, NULL, '180.190.142.242', '2025-12-29 00:26:49'),
(24, NULL, 'user', 'INSERT', 6, 'patient_registration', '180.190.142.242', '2025-12-29 00:30:46'),
(25, NULL, 'patient', 'INSERT', 2, 'patient_profile_created', '180.190.142.242', '2025-12-29 00:30:46'),
(26, NULL, 'user', 'UPDATE', 6, '2fa_enabled', '180.190.142.242', '2025-12-29 00:31:25'),
(27, 5, 'user', 'LOGIN', 5, 'success', '180.190.142.242', '2025-12-29 02:47:05'),
(28, 5, 'user', 'LOGIN', 5, '2fa_ok', '180.190.142.242', '2025-12-29 02:47:22'),
(29, 5, NULL, 'LOGOUT', NULL, NULL, '180.190.142.242', '2025-12-29 02:52:04'),
(30, 5, 'user', 'LOGIN', 5, 'success', '180.190.142.242', '2025-12-29 02:54:32'),
(31, 5, 'user', 'LOGIN', 5, '2fa_ok', '180.190.142.242', '2025-12-29 02:54:39'),
(32, 1, 'user', 'LOGIN', 1, 'success', '180.190.142.242', '2025-12-29 03:16:43'),
(33, 1, 'user', 'LOGIN', 1, '2fa_ok', '180.190.142.242', '2025-12-29 03:20:35'),
(34, 1, NULL, 'LOGOUT', NULL, NULL, '180.190.142.242', '2025-12-29 03:26:31'),
(35, 5, 'user', 'LOGIN', 5, 'success', '180.190.142.242', '2025-12-29 03:26:38'),
(36, 5, 'user', 'LOGIN', 5, '2fa_ok', '180.190.142.242', '2025-12-29 03:26:57'),
(37, 5, 'user', 'LOGIN', 5, 'success', '180.190.142.242', '2025-12-29 04:47:18'),
(38, 5, 'user', 'LOGIN', 5, '2fa_ok', '180.190.142.242', '2025-12-29 04:47:26'),
(39, 5, NULL, 'LOGOUT', NULL, NULL, '180.190.142.242', '2025-12-29 04:53:01'),
(40, 5, 'user', 'LOGIN', 5, 'success', '180.190.142.242', '2025-12-29 04:53:08'),
(41, 5, 'user', 'LOGIN', 5, '2fa_ok', '180.190.142.242', '2025-12-29 04:53:16'),
(42, 5, 'user', 'LOGIN', 5, 'success', '180.190.142.242', '2025-12-29 05:34:48'),
(43, 5, 'user', 'LOGIN', 5, '2fa_ok', '180.190.142.242', '2025-12-29 05:34:57'),
(44, 5, 'user', 'LOGIN', 5, 'success', '180.190.142.242', '2025-12-29 05:51:41'),
(45, 5, 'user', 'LOGIN', 5, '2fa_ok', '180.190.142.242', '2025-12-29 05:51:49'),
(46, 5, NULL, 'LOGOUT', NULL, NULL, '180.190.142.242', '2025-12-29 05:52:55'),
(47, 1, 'user', 'LOGIN', 1, 'success', '180.190.142.242', '2025-12-29 05:53:03'),
(48, 1, 'user', 'LOGIN', 1, '2fa_ok', '180.190.142.242', '2025-12-29 05:53:09'),
(49, 1, NULL, 'LOGOUT', NULL, NULL, '180.190.142.242', '2025-12-29 06:03:27'),
(50, 7, 'user', 'INSERT', 7, 'patient_registration', '180.190.142.242', '2025-12-29 06:03:57'),
(51, 7, 'patient', 'INSERT', 3, 'patient_profile_created', '180.190.142.242', '2025-12-29 06:03:57'),
(52, 7, 'user', 'UPDATE', 7, '2fa_enabled', '180.190.142.242', '2025-12-29 06:04:24'),
(53, 7, NULL, 'LOGOUT', NULL, NULL, '180.190.142.242', '2025-12-29 06:04:53'),
(54, 7, 'user', 'LOGIN', 7, 'success', '180.190.142.242', '2025-12-29 06:05:02'),
(55, 7, 'user', 'LOGIN', 7, '2fa_ok', '180.190.142.242', '2025-12-29 06:05:07'),
(56, 7, NULL, 'LOGOUT', NULL, NULL, '180.190.142.242', '2025-12-29 06:05:55'),
(57, 2, 'user', 'LOGIN', 2, 'success', '180.190.142.242', '2025-12-29 06:06:06'),
(58, 2, 'user', 'UPDATE', 2, '2fa_enabled', '180.190.142.242', '2025-12-29 06:06:39'),
(59, 2, NULL, 'LOGOUT', NULL, NULL, '180.190.142.242', '2025-12-29 06:07:13'),
(60, 3, 'user', 'LOGIN', 3, 'success', '180.190.142.242', '2025-12-29 06:07:22'),
(61, 3, 'user', 'UPDATE', 3, '2fa_enabled', '180.190.142.242', '2025-12-29 06:07:45'),
(62, 7, 'user', 'LOGIN', 7, 'success', '180.190.142.242', '2025-12-29 06:51:25'),
(63, 7, 'user', 'LOGIN', 7, '2fa_ok', '180.190.142.242', '2025-12-29 06:51:34'),
(64, 7, NULL, 'LOGOUT', NULL, NULL, '180.190.142.242', '2025-12-29 06:55:18'),
(65, 7, 'user', 'LOGIN', 7, 'success', '180.190.142.242', '2025-12-29 06:55:25'),
(66, 7, 'user', 'LOGIN', 7, '2fa_ok', '180.190.142.242', '2025-12-29 06:55:30'),
(67, 1, 'user', 'LOGIN', 1, 'success', '180.190.142.242', '2025-12-30 06:10:26'),
(68, 1, 'user', 'LOGIN', 1, '2fa_ok', '180.190.142.242', '2025-12-30 06:10:35'),
(69, 1, NULL, 'LOGOUT', NULL, NULL, '180.190.142.242', '2025-12-30 06:13:56'),
(70, 7, 'user', 'LOGIN', 7, 'success', '180.190.142.242', '2025-12-30 06:14:10'),
(71, 7, 'user', 'LOGIN', 7, '2fa_ok', '180.190.142.242', '2025-12-30 06:14:21'),
(72, 7, NULL, 'LOGOUT', NULL, NULL, '180.190.142.242', '2025-12-30 06:15:04'),
(73, 1, 'user', 'LOGIN', 1, 'success', '180.190.142.242', '2025-12-30 06:15:10'),
(74, 1, 'user', 'LOGIN', 1, '2fa_ok', '180.190.142.242', '2025-12-30 06:15:21'),
(75, 3, 'user', 'LOGIN', 3, 'success', '180.190.142.242', '2025-12-30 06:18:21'),
(76, 3, 'user', 'LOGIN', 3, '2fa_ok', '180.190.142.242', '2025-12-30 06:18:27'),
(77, 2, 'user', 'LOGIN', 2, 'success', '180.190.142.242', '2025-12-30 06:18:42'),
(78, 2, 'user', 'LOGIN', 2, '2fa_ok', '180.190.142.242', '2025-12-30 06:18:47'),
(79, 1, 'user', 'LOGIN', 1, 'success', '180.190.142.242', '2025-12-30 06:43:42'),
(80, 1, 'user', 'LOGIN', 1, '2fa_ok', '180.190.142.242', '2025-12-30 06:43:49'),
(81, 1, NULL, 'LOGOUT', NULL, NULL, '180.190.142.242', '2025-12-30 06:44:50'),
(82, 7, 'user', 'LOGIN', 7, 'success', '180.190.142.242', '2025-12-30 06:44:56'),
(83, 7, 'user', 'LOGIN', 7, '2fa_ok', '180.190.142.242', '2025-12-30 06:45:02'),
(84, 5, 'password_reset_tokens', 'INSERT', NULL, 'password_reset_requested', '180.190.142.242', '2026-01-01 05:55:10'),
(85, 5, 'password_reset_tokens', 'INSERT', NULL, 'password_reset_requested', '180.190.142.242', '2026-01-01 05:55:10'),
(86, 1, 'password_reset_tokens', 'INSERT', NULL, 'password_reset_requested', '180.190.142.242', '2026-01-01 06:05:51'),
(87, 1, 'password_reset_tokens', 'INSERT', NULL, 'password_reset_requested', '180.190.142.242', '2026-01-01 06:05:51'),
(88, 1, 'password_reset_tokens', 'INSERT', NULL, 'password_reset_requested', '180.190.142.242', '2026-01-01 06:18:33'),
(89, 1, 'password_reset_tokens', 'INSERT', NULL, 'password_reset_requested', '180.190.142.242', '2026-01-01 06:18:33'),
(90, 1, 'password_reset_tokens', 'INSERT', NULL, 'password_reset_requested', '180.190.142.242', '2026-01-01 06:18:38'),
(91, 1, 'password_reset_tokens', 'INSERT', NULL, 'password_reset_requested', '180.190.142.242', '2026-01-01 06:18:38'),
(92, 1, 'password_reset_tokens', 'INSERT', NULL, 'password_reset_requested', '180.190.142.242', '2026-01-01 06:18:40'),
(93, 1, 'password_reset_tokens', 'INSERT', NULL, 'password_reset_requested', '180.190.142.242', '2026-01-01 06:18:40'),
(94, 1, 'password_reset_tokens', 'INSERT', NULL, 'password_reset_requested', '180.190.142.242', '2026-01-01 06:18:42'),
(95, 1, 'password_reset_tokens', 'INSERT', NULL, 'password_reset_requested', '180.190.142.242', '2026-01-01 06:18:42'),
(96, NULL, 'user', 'INSERT', 10, 'patient_registration', '180.190.142.242', '2026-01-01 06:54:04'),
(97, NULL, 'patient', 'INSERT', 0, 'patient_profile_created', '180.190.142.242', '2026-01-01 06:54:04'),
(98, NULL, 'user', 'LOGIN', 10, 'success', '180.190.142.242', '2026-01-01 06:54:31'),
(99, NULL, 'user', 'UPDATE', 10, '2fa_enabled', '180.190.142.242', '2026-01-01 06:55:48'),
(100, NULL, NULL, 'LOGOUT', NULL, NULL, '180.190.142.242', '2026-01-01 06:55:52'),
(101, NULL, 'user', 'INSERT', 11, 'patient_registration', '180.190.142.242', '2026-01-01 22:25:12'),
(102, NULL, 'patient', 'INSERT', 0, 'patient_profile_created', '180.190.142.242', '2026-01-01 22:25:12'),
(103, NULL, 'user', 'LOGIN', 11, 'success', '180.190.142.242', '2026-01-01 22:25:46'),
(104, NULL, 'user', 'UPDATE', 11, '2fa_enabled', '180.190.142.242', '2026-01-01 22:26:05'),
(105, 12, 'user', 'INSERT', 12, 'patient_registration', '180.190.142.242', '2026-01-02 01:00:00'),
(106, 12, 'patient', 'INSERT', 0, 'patient_profile_created', '180.190.142.242', '2026-01-02 01:00:00'),
(107, 12, 'user', 'LOGIN', 12, 'success', '180.190.142.242', '2026-01-02 01:00:14'),
(108, 12, 'user', 'UPDATE', 12, '2fa_enabled', '180.190.142.242', '2026-01-02 01:01:13'),
(109, 12, 'user', 'LOGIN', 12, 'success', '180.190.142.242', '2026-01-02 03:38:55'),
(110, 12, 'user', 'LOGIN', 12, '2fa_ok', '180.190.142.242', '2026-01-02 03:39:16'),
(111, 12, 'user', 'LOGIN', 12, 'success', '180.190.142.242', '2026-01-02 04:50:28'),
(112, 12, 'user', 'LOGIN', 12, '2fa_failed', '180.190.142.242', '2026-01-02 04:51:37'),
(113, 12, 'user', 'LOGIN', 12, '2fa_failed', '180.190.142.242', '2026-01-02 04:51:44'),
(114, 12, 'user', 'LOGIN', 12, '2fa_failed', '180.190.142.242', '2026-01-02 04:51:47'),
(115, 12, 'user', 'LOGIN', 12, '2fa_failed', '180.190.142.242', '2026-01-02 04:52:07'),
(116, 12, 'user', 'LOGIN', 12, 'success', '180.190.142.242', '2026-01-02 04:52:18'),
(117, 12, 'user', 'LOGIN', 12, '2fa_failed', '180.190.142.242', '2026-01-02 04:52:26'),
(118, 12, 'user', 'LOGIN', 12, '2fa_failed', '180.190.142.242', '2026-01-02 04:52:34'),
(119, 12, 'user', 'LOGIN', 12, '2fa_failed', '180.190.142.242', '2026-01-02 04:52:42'),
(120, 12, 'user', 'LOGIN', 12, 'success', '180.190.142.242', '2026-01-02 04:53:10'),
(121, 12, 'user', 'LOGIN', 12, '2fa_failed', '180.190.142.242', '2026-01-02 04:53:14'),
(122, 12, 'user', 'LOGIN', 12, '2fa_failed', '180.190.142.242', '2026-01-02 04:53:25'),
(123, 12, 'user', 'LOGIN', 12, '2fa_failed', '180.190.142.242', '2026-01-02 04:53:33'),
(124, 4, 'user', 'LOGIN', 4, 'success', '180.190.142.242', '2026-01-02 04:53:55'),
(125, 12, 'user', 'LOGIN', 12, 'success', '180.190.142.242', '2026-01-02 04:54:53'),
(126, 12, 'user', 'LOGIN', 12, '2fa_ok', '180.190.142.242', '2026-01-02 04:54:56'),
(127, 12, 'user', 'LOGIN', 12, 'success', '180.190.142.242', '2026-01-02 04:59:59'),
(128, 12, 'user', 'LOGIN', 12, '2fa_ok', '180.190.142.242', '2026-01-02 05:00:13'),
(129, 12, NULL, 'LOGOUT', NULL, NULL, '180.190.142.242', '2026-01-02 05:00:29'),
(130, 12, 'user', 'LOGIN', 12, 'success', '180.190.142.242', '2026-01-02 05:04:06'),
(131, 12, 'user', 'LOGIN', 12, '2fa_ok', '180.190.142.242', '2026-01-02 05:04:09'),
(132, 1, 'user', 'LOGIN', 1, 'success', '180.190.142.242', '2026-01-02 05:07:31'),
(133, 1, 'user', 'LOGIN', 1, '2fa_ok', '180.190.142.242', '2026-01-02 05:07:36'),
(134, 1, NULL, 'LOGOUT', NULL, NULL, '180.190.142.242', '2026-01-02 05:09:19'),
(135, 2, 'user', 'LOGIN', 2, 'success', '180.190.142.242', '2026-01-02 05:09:33'),
(136, 2, 'user', 'LOGIN', 2, '2fa_ok', '180.190.142.242', '2026-01-02 05:09:43'),
(137, 2, NULL, 'LOGOUT', NULL, NULL, '180.190.142.242', '2026-01-02 05:10:25'),
(138, 3, 'user', 'LOGIN', 3, 'success', '180.190.142.242', '2026-01-02 05:10:31'),
(139, 3, 'user', 'LOGIN', 3, '2fa_ok', '180.190.142.242', '2026-01-02 05:10:35'),
(140, 3, NULL, 'LOGOUT', NULL, NULL, '180.190.142.242', '2026-01-02 05:11:33'),
(141, 1, 'user', 'LOGIN', 1, 'success', '180.190.142.242', '2026-01-02 05:11:53'),
(142, 1, 'user', 'LOGIN', 1, '2fa_ok', '180.190.142.242', '2026-01-02 05:11:59'),
(143, 1, NULL, 'LOGOUT', NULL, NULL, '180.190.142.242', '2026-01-02 05:14:30'),
(144, 1, 'user', 'LOGIN', 1, 'success', '180.190.142.242', '2026-01-02 05:14:37'),
(145, 1, 'user', 'LOGIN', 1, '2fa_ok', '180.190.142.242', '2026-01-02 05:14:43'),
(146, 1, 'user', 'LOGIN', 1, 'success', '180.190.142.242', '2026-01-02 05:17:40'),
(147, 1, 'user', 'LOGIN', 1, '2fa_ok', '180.190.142.242', '2026-01-02 05:17:44'),
(148, 1, NULL, 'LOGOUT', NULL, NULL, '180.190.142.242', '2026-01-02 05:19:55'),
(149, 12, 'user', 'LOGIN', 12, 'success', '180.190.142.242', '2026-01-02 05:35:37'),
(150, 12, 'user', 'LOGIN', 12, '2fa_ok', '180.190.142.242', '2026-01-02 05:35:42'),
(151, 12, NULL, 'LOGOUT', NULL, NULL, '180.190.142.242', '2026-01-02 05:44:17'),
(152, 1, 'user', 'LOGIN', 1, 'success', '180.190.142.242', '2026-01-02 05:44:25'),
(153, 1, 'user', 'LOGIN', 1, '2fa_ok', '180.190.142.242', '2026-01-02 05:44:33'),
(154, 1, NULL, 'LOGOUT', NULL, NULL, '180.190.142.242', '2026-01-02 21:58:39'),
(155, 12, 'user', 'LOGIN', 12, 'success', '180.190.142.242', '2026-01-02 21:59:02'),
(156, 12, 'user', 'LOGIN', 12, '2fa_ok', '180.190.142.242', '2026-01-02 21:59:07'),
(157, 12, NULL, 'LOGOUT', NULL, NULL, '180.190.142.242', '2026-01-02 22:08:27'),
(158, 12, 'user', 'LOGIN', 12, 'success', '180.190.142.242', '2026-01-02 22:08:36'),
(159, 12, 'user', 'LOGIN', 12, '2fa_ok', '180.190.142.242', '2026-01-02 22:08:40'),
(160, 12, NULL, 'LOGOUT', NULL, NULL, '180.190.142.242', '2026-01-02 22:12:53'),
(161, 12, 'user', 'LOGIN', 12, 'success', '180.190.142.242', '2026-01-02 22:13:01'),
(162, 12, 'user', 'LOGIN', 12, '2fa_ok', '180.190.142.242', '2026-01-02 22:13:05'),
(163, 12, NULL, 'LOGOUT', NULL, NULL, '180.190.142.242', '2026-01-02 22:17:23'),
(164, 1, 'user', 'LOGIN', 1, 'success', '180.190.142.242', '2026-01-03 12:21:26'),
(165, 1, 'user', 'LOGIN', 1, '2fa_ok', '180.190.142.242', '2026-01-03 12:21:28'),
(166, 1, NULL, 'LOGOUT', NULL, NULL, '180.190.142.242', '2026-01-03 12:24:59'),
(167, 12, 'user', 'LOGIN', 12, 'success', '180.190.142.242', '2026-01-03 12:25:51'),
(168, 12, 'user', 'LOGIN', 12, '2fa_ok', '180.190.142.242', '2026-01-03 12:26:00'),
(169, 12, NULL, 'LOGOUT', NULL, NULL, '180.190.142.242', '2026-01-03 12:45:03'),
(170, 1, 'user', 'LOGIN', 1, 'success', '180.190.142.242', '2026-01-03 13:29:26'),
(171, 1, 'user', 'LOGIN', 1, '2fa_ok', '180.190.142.242', '2026-01-03 13:29:42'),
(172, 1, NULL, 'LOGOUT', NULL, NULL, '180.190.142.242', '2026-01-03 14:53:02'),
(173, 2, 'user', 'LOGIN', 2, 'success', '180.190.142.242', '2026-01-03 14:53:18'),
(174, 2, 'user', 'LOGIN', 2, '2fa_ok', '180.190.142.242', '2026-01-03 14:53:24'),
(175, 2, NULL, 'LOGOUT', NULL, NULL, '180.190.142.242', '2026-01-03 15:16:18'),
(176, 3, 'user', 'LOGIN', 3, 'success', '180.190.142.242', '2026-01-03 15:16:29'),
(177, 3, 'user', 'LOGIN', 3, '2fa_ok', '180.190.142.242', '2026-01-03 15:16:32'),
(178, 3, NULL, 'LOGOUT', NULL, NULL, '180.190.142.242', '2026-01-03 15:17:32'),
(179, 1, 'user', 'LOGIN', 1, 'success', '180.190.142.242', '2026-01-03 15:57:25'),
(180, 1, 'user', 'LOGIN', 1, '2fa_ok', '180.190.142.242', '2026-01-03 15:57:33'),
(181, 1, 'user', 'LOGIN', 1, 'success', '180.190.142.242', '2026-01-03 15:58:27'),
(182, 1, 'user', 'LOGIN', 1, '2fa_ok', '180.190.142.242', '2026-01-03 15:58:34'),
(183, 1, 'user', 'LOGIN', 1, 'success', '180.190.142.242', '2026-01-03 15:59:56'),
(184, 1, 'user', 'LOGIN', 1, '2fa_ok', '180.190.142.242', '2026-01-03 16:00:00'),
(185, 12, 'user', 'LOGIN', 12, 'success', '180.190.142.242', '2026-01-03 16:00:25'),
(186, 12, 'user', 'LOGIN', 12, '2fa_ok', '180.190.142.242', '2026-01-03 16:00:30'),
(187, 2, 'user', 'LOGIN', 2, 'success', '180.190.142.242', '2026-01-03 16:02:00'),
(188, 2, 'user', 'LOGIN', 2, '2fa_failed', '180.190.142.242', '2026-01-03 16:02:11'),
(189, 2, 'user', 'LOGIN', 2, '2fa_ok', '180.190.142.242', '2026-01-03 16:02:14'),
(190, 3, 'user', 'LOGIN', 3, 'success', '180.190.142.242', '2026-01-03 16:02:36'),
(191, 3, 'user', 'LOGIN', 3, '2fa_ok', '180.190.142.242', '2026-01-03 16:02:39'),
(192, 3, 'user', 'LOGIN', 3, 'success', '180.190.142.242', '2026-01-03 16:05:32'),
(193, 3, 'user', 'LOGIN', 3, '2fa_ok', '180.190.142.242', '2026-01-03 16:05:36'),
(194, 3, NULL, 'LOGOUT', NULL, NULL, '180.190.142.242', '2026-01-03 16:07:09'),
(195, 12, 'user', 'LOGIN', 12, 'success', '180.190.142.242', '2026-01-03 16:07:18'),
(196, 12, 'user', 'LOGIN', 12, '2fa_ok', '180.190.142.242', '2026-01-03 16:07:21'),
(197, 1, 'user', 'LOGIN', 1, 'success', '180.190.142.242', '2026-01-03 16:13:45'),
(198, 1, 'user', 'LOGIN', 1, '2fa_ok', '180.190.142.242', '2026-01-03 16:13:50'),
(199, 1, 'user', 'LOGIN', 1, 'success', '180.190.142.242', '2026-01-03 16:31:39'),
(200, 1, 'user', 'LOGIN', 1, '2fa_ok', '180.190.142.242', '2026-01-03 16:31:58'),
(201, 2, 'user', 'LOGIN', 2, 'success', '180.190.142.242', '2026-01-03 16:32:24'),
(202, 2, 'user', 'LOGIN', 2, '2fa_ok', '180.190.142.242', '2026-01-03 16:32:30'),
(203, 2, NULL, 'LOGOUT', NULL, NULL, '180.190.142.242', '2026-01-03 16:33:51'),
(204, 3, 'user', 'LOGIN', 3, 'success', '180.190.142.242', '2026-01-03 16:33:58'),
(205, 3, 'user', 'LOGIN', 3, '2fa_ok', '180.190.142.242', '2026-01-03 16:34:01'),
(206, 3, NULL, 'LOGOUT', NULL, NULL, '180.190.142.242', '2026-01-03 16:36:52'),
(207, 12, 'user', 'LOGIN', 12, 'success', '180.190.142.242', '2026-01-03 16:37:02'),
(208, 12, 'user', 'LOGIN', 12, '2fa_ok', '180.190.142.242', '2026-01-03 16:37:05'),
(209, 12, 'appointment', 'INSERT', 1, 'Appointment booked for 2026-01-10 16:40', '180.190.142.242', '2026-01-03 16:37:44'),
(210, 12, 'documents', 'INSERT', 1, 'document_uploaded: 1.png', '180.190.142.242', '2026-01-03 16:38:43'),
(211, 12, NULL, 'LOGOUT', NULL, NULL, '180.190.142.242', '2026-01-03 16:54:16'),
(212, 1, 'user', 'LOGIN', 1, 'success', '180.190.142.242', '2026-01-03 16:54:25'),
(213, 1, 'user', 'LOGIN', 1, '2fa_ok', '180.190.142.242', '2026-01-03 16:54:31'),
(214, 2, 'user', 'LOGIN', 2, 'success', '180.190.142.242', '2026-01-03 17:00:09'),
(215, 2, 'user', 'LOGIN', 2, '2fa_ok', '180.190.142.242', '2026-01-03 17:00:14'),
(216, 2, NULL, 'LOGOUT', NULL, NULL, '180.190.142.242', '2026-01-03 17:00:55'),
(217, 3, 'user', 'LOGIN', 3, 'success', '180.190.142.242', '2026-01-03 17:01:03'),
(218, 3, 'user', 'LOGIN', 3, '2fa_ok', '180.190.142.242', '2026-01-03 17:01:09'),
(219, 3, NULL, 'LOGOUT', NULL, NULL, '180.190.142.242', '2026-01-03 17:23:22'),
(220, 1, 'user', 'LOGIN', 1, 'success', '180.190.142.242', '2026-01-03 17:26:55'),
(221, 1, 'user', 'LOGIN', 1, '2fa_failed', '180.190.142.242', '2026-01-03 17:27:40'),
(222, 1, 'user', 'LOGIN', 1, '2fa_ok', '180.190.142.242', '2026-01-03 17:27:48'),
(223, 2, 'user', 'LOGIN', 2, 'success', '180.190.142.242', '2026-01-03 17:35:20'),
(224, 2, 'user', 'LOGIN', 2, '2fa_ok', '180.190.142.242', '2026-01-03 17:35:26'),
(225, 2, NULL, 'LOGOUT', NULL, NULL, '180.190.142.242', '2026-01-03 17:38:10'),
(226, 3, 'user', 'LOGIN', 3, 'success', '180.190.142.242', '2026-01-03 17:38:17'),
(227, 3, 'user', 'LOGIN', 3, '2fa_ok', '180.190.142.242', '2026-01-03 17:38:19'),
(228, 3, NULL, 'LOGOUT', NULL, NULL, '180.190.142.242', '2026-01-03 17:39:44'),
(229, 12, 'user', 'LOGIN', 12, 'success', '180.190.142.242', '2026-01-03 17:39:50'),
(230, 12, 'user', 'LOGIN', 12, '2fa_ok', '180.190.142.242', '2026-01-03 17:39:55'),
(231, 12, NULL, 'LOGOUT', NULL, NULL, '180.190.142.242', '2026-01-03 17:41:20'),
(232, 1, 'user', 'LOGIN', 1, 'success', '180.190.142.242', '2026-01-03 17:58:25'),
(233, 1, 'user', 'LOGIN', 1, '2fa_ok', '180.190.142.242', '2026-01-03 17:58:33'),
(234, 2, 'user', 'LOGIN', 2, 'success', '180.190.142.242', '2026-01-03 17:59:24'),
(235, 2, 'user', 'LOGIN', 2, '2fa_ok', '180.190.142.242', '2026-01-03 17:59:29'),
(236, 2, NULL, 'LOGOUT', NULL, NULL, '180.190.142.242', '2026-01-03 17:59:54'),
(237, 12, 'user', 'LOGIN', 12, 'success', '180.190.142.242', '2026-01-03 18:00:01'),
(238, 12, 'user', 'LOGIN', 12, '2fa_ok', '180.190.142.242', '2026-01-03 18:00:04'),
(239, 12, NULL, 'LOGOUT', NULL, NULL, '180.190.142.242', '2026-01-03 18:01:15'),
(240, 12, 'user', 'LOGIN', 12, 'success', '180.190.142.242', '2026-01-03 18:01:37'),
(241, 12, 'user', 'LOGIN', 12, '2fa_ok', '180.190.142.242', '2026-01-03 18:01:41'),
(242, 12, NULL, 'LOGOUT', NULL, NULL, '180.190.142.242', '2026-01-03 18:13:10'),
(243, 1, 'user', 'LOGIN', 1, 'success', '180.190.142.242', '2026-01-03 18:33:21'),
(244, 1, 'user', 'LOGIN', 1, '2fa_ok', '180.190.142.242', '2026-01-03 18:33:25'),
(245, 1, NULL, 'LOGOUT', NULL, NULL, '180.190.142.242', '2026-01-03 18:36:36'),
(246, 12, 'user', 'LOGIN', 12, 'success', '180.190.142.242', '2026-01-03 18:36:44'),
(247, 12, 'user', 'LOGIN', 12, '2fa_ok', '180.190.142.242', '2026-01-03 18:36:47'),
(248, 12, NULL, 'LOGOUT', NULL, NULL, '180.190.142.242', '2026-01-03 18:45:51'),
(249, 1, 'user', 'LOGIN', 1, 'success', '180.190.142.242', '2026-01-03 21:38:54'),
(250, 1, 'user', 'LOGIN', 1, '2fa_ok', '180.190.142.242', '2026-01-03 21:38:58'),
(251, 1, NULL, 'LOGOUT', NULL, NULL, '180.190.142.242', '2026-01-03 21:46:07'),
(252, 2, 'user', 'LOGIN', 2, 'success', '180.190.142.242', '2026-01-03 21:46:23'),
(253, 2, 'user', 'LOGIN', 2, '2fa_ok', '180.190.142.242', '2026-01-03 21:46:28'),
(254, 2, NULL, 'LOGOUT', NULL, NULL, '180.190.142.242', '2026-01-03 21:57:57'),
(255, 1, 'user', 'LOGIN', 1, 'success', '180.190.142.242', '2026-01-03 21:58:05'),
(256, 1, 'user', 'LOGIN', 1, '2fa_ok', '180.190.142.242', '2026-01-03 21:58:10'),
(257, 1, NULL, 'LOGOUT', NULL, NULL, '180.190.142.242', '2026-01-03 21:58:56'),
(258, 3, 'user', 'LOGIN', 3, 'success', '180.190.142.242', '2026-01-03 21:59:04'),
(259, 3, 'user', 'LOGIN', 3, '2fa_ok', '180.190.142.242', '2026-01-03 21:59:09'),
(260, 3, NULL, 'LOGOUT', NULL, NULL, '180.190.142.242', '2026-01-03 22:00:02'),
(261, 12, 'user', 'LOGIN', 12, 'success', '180.190.142.242', '2026-01-03 22:00:09'),
(262, 12, 'user', 'LOGIN', 12, '2fa_ok', '180.190.142.242', '2026-01-03 22:00:16'),
(263, 12, NULL, 'LOGOUT', NULL, NULL, '180.190.142.242', '2026-01-03 22:00:48'),
(264, 1, 'user', 'LOGIN', 1, 'success', '180.190.142.242', '2026-01-04 15:43:53'),
(265, 1, 'user', 'LOGIN', 1, '2fa_ok', '180.190.142.242', '2026-01-04 15:43:57'),
(266, 1, 'user', 'INSERT', 13, 'New user created: doctor02 (doctor)', '180.190.142.242', '2026-01-04 15:45:28'),
(267, 1, NULL, 'LOGOUT', NULL, NULL, '180.190.142.242', '2026-01-04 15:47:41'),
(268, 13, 'user', 'LOGIN', 13, 'success', '180.190.142.242', '2026-01-04 15:47:52'),
(269, 2, 'user', 'LOGIN', 2, 'success', '180.190.142.242', '2026-01-04 15:48:05'),
(270, 2, 'user', 'LOGIN', 2, '2fa_ok', '180.190.142.242', '2026-01-04 15:48:13'),
(271, 2, NULL, 'LOGOUT', NULL, NULL, '180.190.142.242', '2026-01-04 15:51:15'),
(272, 3, 'user', 'LOGIN', 3, 'success', '180.190.142.242', '2026-01-04 15:51:49'),
(273, 3, 'user', 'LOGIN', 3, '2fa_ok', '180.190.142.242', '2026-01-04 15:51:54'),
(274, 3, NULL, 'LOGOUT', NULL, NULL, '180.190.142.242', '2026-01-04 15:53:55'),
(275, 12, 'user', 'LOGIN', 12, 'success', '180.190.142.242', '2026-01-04 15:54:03'),
(276, 12, 'user', 'LOGIN', 12, '2fa_ok', '180.190.142.242', '2026-01-04 15:54:06'),
(277, 12, NULL, 'LOGOUT', NULL, NULL, '180.190.142.242', '2026-01-04 15:55:23'),
(278, 1, 'user', 'LOGIN', 1, 'success', '180.190.142.242', '2026-01-04 16:08:50'),
(279, 1, 'user', 'LOGIN', 1, '2fa_ok', '180.190.142.242', '2026-01-04 16:08:55'),
(280, 1, 'user', 'UPDATE', 13, 'User status toggled to Inactive', '180.190.142.242', '2026-01-04 16:12:17'),
(281, 1, NULL, 'LOGOUT', NULL, NULL, '180.190.142.242', '2026-01-04 16:18:55'),
(282, 1, 'user', 'LOGIN', 1, 'success', '180.190.142.242', '2026-01-04 16:19:02'),
(283, 1, 'user', 'LOGIN', 1, '2fa_ok', '180.190.142.242', '2026-01-04 16:19:08'),
(284, 1, NULL, 'LOGOUT', NULL, NULL, '180.190.142.242', '2026-01-04 16:24:08'),
(285, 2, 'user', 'LOGIN', 2, 'success', '180.190.142.242', '2026-01-04 16:24:17'),
(286, 2, 'user', 'LOGIN', 2, '2fa_ok', '180.190.142.242', '2026-01-04 16:24:21'),
(287, 2, NULL, 'LOGOUT', NULL, NULL, '180.190.142.242', '2026-01-04 17:11:23'),
(288, 2, 'user', 'LOGIN', 2, 'success', '180.190.142.242', '2026-01-04 18:14:01'),
(289, 2, 'user', 'LOGIN', 2, '2fa_ok', '180.190.142.242', '2026-01-04 18:14:04'),
(290, 2, NULL, 'LOGOUT', NULL, NULL, '180.190.142.242', '2026-01-04 18:37:37'),
(291, 3, 'user', 'LOGIN', 3, 'success', '180.190.142.242', '2026-01-04 18:37:49'),
(292, 3, 'user', 'LOGIN', 3, '2fa_ok', '180.190.142.242', '2026-01-04 18:37:51'),
(293, 3, NULL, 'LOGOUT', NULL, NULL, '180.190.142.242', '2026-01-04 18:57:57'),
(294, 12, 'user', 'LOGIN', 12, 'success', '180.190.142.242', '2026-01-04 18:58:04'),
(295, 3, 'user', 'LOGIN', 3, 'success', '180.190.142.242', '2026-01-04 18:58:17'),
(296, 3, 'user', 'LOGIN', 3, '2fa_ok', '180.190.142.242', '2026-01-04 18:58:21'),
(297, 3, NULL, 'LOGOUT', NULL, NULL, '180.190.142.242', '2026-01-04 18:59:13'),
(298, 12, 'user', 'LOGIN', 12, 'success', '180.190.142.242', '2026-01-04 18:59:20'),
(299, 12, 'user', 'LOGIN', 12, '2fa_ok', '180.190.142.242', '2026-01-04 18:59:26'),
(300, 12, NULL, 'LOGOUT', NULL, NULL, '180.190.142.242', '2026-01-04 19:36:03'),
(301, 1, 'user', 'LOGIN', 1, 'success', '180.190.142.242', '2026-01-04 21:26:50'),
(302, 1, 'user', 'LOGIN', 1, '2fa_ok', '180.190.142.242', '2026-01-04 21:26:57'),
(303, 1, NULL, 'LOGOUT', NULL, NULL, '180.190.142.242', '2026-01-04 21:35:37'),
(304, 2, 'user', 'LOGIN', 2, 'success', '180.190.142.242', '2026-01-04 21:35:44'),
(305, 2, 'user', 'LOGIN', 2, '2fa_ok', '180.190.142.242', '2026-01-04 21:35:48'),
(306, 3, 'user', 'LOGIN', 3, 'success', '180.190.142.242', '2026-01-04 21:36:39'),
(307, 3, 'user', 'LOGIN', 3, '2fa_ok', '180.190.142.242', '2026-01-04 21:36:44'),
(308, 12, 'user', 'LOGIN', 12, 'success', '180.190.142.242', '2026-01-04 21:36:59'),
(309, 12, 'user', 'LOGIN', 12, '2fa_ok', '180.190.142.242', '2026-01-04 21:37:04'),
(310, 12, NULL, 'LOGOUT', NULL, NULL, '180.190.142.242', '2026-01-04 21:40:26'),
(311, 2, 'user', 'LOGIN', 2, 'success', '180.190.142.242', '2026-01-04 21:40:34'),
(312, 2, 'user', 'LOGIN', 2, '2fa_ok', '180.190.142.242', '2026-01-04 21:40:38'),
(313, 2, 'user', 'LOGIN', 2, 'success', '180.190.142.242', '2026-01-04 21:42:15'),
(314, 2, 'user', 'LOGIN', 2, '2fa_ok', '180.190.142.242', '2026-01-04 21:42:17'),
(315, 2, 'user', 'LOGIN', 2, 'success', '180.190.142.242', '2026-01-04 21:55:45'),
(316, 2, 'user', 'LOGIN', 2, '2fa_ok', '180.190.142.242', '2026-01-04 21:55:50'),
(317, 1, 'user', 'LOGIN', 1, 'success', '180.190.142.242', '2026-01-04 21:55:57'),
(318, 1, 'user', 'LOGIN', 1, '2fa_ok', '180.190.142.242', '2026-01-04 21:55:59'),
(319, 1, NULL, 'LOGOUT', NULL, NULL, '180.190.142.242', '2026-01-04 21:57:42'),
(320, 3, 'user', 'LOGIN', 3, 'success', '180.190.142.242', '2026-01-04 21:57:48'),
(321, 3, 'user', 'LOGIN', 3, '2fa_ok', '180.190.142.242', '2026-01-04 21:57:50'),
(322, 3, NULL, 'LOGOUT', NULL, NULL, '180.190.142.242', '2026-01-04 22:01:06'),
(323, 12, 'user', 'LOGIN', 12, 'success', '180.190.142.242', '2026-01-04 22:01:12'),
(324, 12, 'user', 'LOGIN', 12, '2fa_ok', '180.190.142.242', '2026-01-04 22:01:14'),
(325, 12, NULL, 'LOGOUT', NULL, NULL, '180.190.142.242', '2026-01-04 22:04:08'),
(326, 1, 'user', 'LOGIN', 1, 'success', '180.190.142.242', '2026-01-04 22:04:14'),
(327, 1, 'user', 'LOGIN', 1, '2fa_ok', '180.190.142.242', '2026-01-04 22:04:18'),
(328, 1, NULL, 'LOGOUT', NULL, NULL, '180.190.142.242', '2026-01-04 22:06:35'),
(329, 2, 'user', 'LOGIN', 2, 'success', '180.190.142.242', '2026-01-04 22:06:41'),
(330, 2, 'user', 'LOGIN', 2, '2fa_ok', '180.190.142.242', '2026-01-04 22:06:44'),
(331, 3, 'user', 'LOGIN', 3, 'success', '180.190.142.242', '2026-01-04 22:06:57'),
(332, 3, 'user', 'LOGIN', 3, '2fa_ok', '180.190.142.242', '2026-01-04 22:07:01'),
(333, 3, NULL, 'LOGOUT', NULL, NULL, '180.190.142.242', '2026-01-04 22:09:42'),
(334, 12, 'user', 'LOGIN', 12, 'success', '180.190.142.242', '2026-01-04 22:09:51'),
(335, 12, 'user', 'LOGIN', 12, '2fa_ok', '180.190.142.242', '2026-01-04 22:09:56'),
(336, 12, NULL, 'LOGOUT', NULL, NULL, '180.190.142.242', '2026-01-04 22:18:22'),
(337, 1, 'user', 'LOGIN', 1, 'success', '180.190.142.242', '2026-01-04 22:18:29'),
(338, 1, 'user', 'LOGIN', 1, '2fa_ok', '180.190.142.242', '2026-01-04 22:18:32'),
(339, 1, 'user', 'LOGIN', 1, 'success', '180.232.85.242', '2026-01-05 07:11:44'),
(340, 1, 'user', 'LOGIN', 1, '2fa_ok', '180.232.85.242', '2026-01-05 07:11:50'),
(341, 1, NULL, 'LOGOUT', NULL, NULL, '103.21.12.210', '2026-01-05 07:13:35'),
(342, 2, 'user', 'LOGIN', 2, 'success', '103.21.12.210', '2026-01-05 07:14:44'),
(343, 2, 'user', 'LOGIN', 2, '2fa_ok', '103.21.12.210', '2026-01-05 07:14:50'),
(344, 2, 'doctor_schedule', 'UPDATE', 2, 'Updated weekly schedule', '180.232.85.242', '2026-01-05 07:19:33'),
(345, 2, NULL, 'LOGOUT', NULL, NULL, '103.21.12.210', '2026-01-05 07:21:33'),
(346, 12, 'user', 'LOGIN', 12, 'success', '103.21.12.210', '2026-01-05 07:21:41'),
(347, 12, 'user', 'LOGIN', 12, '2fa_ok', '103.21.12.210', '2026-01-05 07:21:47'),
(348, 2, 'user', 'LOGIN', 2, 'success', '180.232.85.242', '2026-01-05 07:22:55'),
(349, 2, 'user', 'LOGIN', 2, '2fa_ok', '180.232.85.242', '2026-01-05 07:23:07'),
(350, 12, NULL, 'LOGOUT', NULL, NULL, '180.232.85.242', '2026-01-05 07:29:06'),
(351, 1, 'user', 'LOGIN', 1, 'success', '180.232.85.242', '2026-01-05 07:30:26'),
(352, 1, 'user', 'LOGIN', 1, '2fa_ok', '180.232.85.242', '2026-01-05 07:30:36'),
(353, 1, NULL, 'LOGOUT', NULL, NULL, '180.232.85.242', '2026-01-05 07:35:06'),
(354, 12, 'user', 'LOGIN', 12, 'success', '180.232.85.242', '2026-01-05 07:36:13'),
(355, 14, 'user', 'INSERT', 14, 'patient_registration', '180.232.85.242', '2026-01-05 07:37:27'),
(356, 14, 'patient', 'INSERT', 0, 'patient_profile_created', '180.232.85.242', '2026-01-05 07:37:27'),
(357, 12, 'user', 'UPDATE', 12, '2fa_enabled', '180.232.85.242', '2026-01-05 07:38:42'),
(358, 12, NULL, 'LOGOUT', NULL, NULL, '180.232.85.242', '2026-01-05 07:39:04'),
(359, 14, 'user', 'LOGIN', 14, 'success', '180.232.85.242', '2026-01-05 07:40:07'),
(360, 14, 'user', 'UPDATE', 14, '2fa_enabled', '180.232.85.242', '2026-01-05 07:40:27'),
(361, 14, NULL, 'LOGOUT', NULL, NULL, '180.232.85.242', '2026-01-05 07:40:52'),
(362, 2, NULL, 'LOGOUT', NULL, NULL, '180.232.85.242', '2026-01-05 07:46:14'),
(363, 1, 'user', 'LOGIN', 1, 'success', '180.232.85.242', '2026-01-05 07:47:37'),
(364, 1, 'user', 'LOGIN', 1, '2fa_ok', '180.232.85.242', '2026-01-05 07:47:42'),
(365, 1, 'user', 'UPDATE', 13, 'User status toggled to Active', '103.21.12.210', '2026-01-05 07:52:56'),
(366, 1, 'user', 'UPDATE', 13, 'User status toggled to Inactive', '103.21.12.210', '2026-01-05 07:53:00'),
(367, 1, NULL, 'LOGOUT', NULL, NULL, '180.232.85.242', '2026-01-05 08:02:14'),
(368, 1, 'user', 'LOGIN', 1, 'success', '180.232.85.242', '2026-01-05 08:02:32'),
(369, 1, 'user', 'LOGIN', 1, '2fa_ok', '180.232.85.242', '2026-01-05 08:02:37'),
(370, 1, NULL, 'LOGOUT', NULL, NULL, '103.21.12.210', '2026-01-05 08:08:56'),
(371, 2, 'user', 'LOGIN', 2, 'success', '180.232.85.242', '2026-01-05 08:10:28'),
(372, 2, 'user', 'LOGIN', 2, '2fa_ok', '180.232.85.242', '2026-01-05 08:10:34'),
(373, 2, NULL, 'LOGOUT', NULL, NULL, '180.232.85.242', '2026-01-05 08:52:21'),
(374, 1, 'user', 'LOGIN', 1, 'success', '180.232.85.242', '2026-01-05 09:20:08'),
(375, 1, 'user', 'LOGIN', 1, '2fa_ok', '180.232.85.242', '2026-01-05 09:20:13'),
(376, 1, NULL, 'LOGOUT', NULL, NULL, '180.232.85.242', '2026-01-05 09:24:08'),
(377, 2, 'user', 'LOGIN', 2, 'success', '103.21.12.210', '2026-01-05 09:24:55'),
(378, 2, 'user', 'LOGIN', 2, '2fa_ok', '103.21.12.210', '2026-01-05 09:25:04'),
(379, 12, 'user', 'LOGIN', 12, 'success', '180.232.85.242', '2026-01-05 09:25:23'),
(380, 12, 'user', 'LOGIN', 12, '2fa_failed', '180.232.85.242', '2026-01-05 09:25:35'),
(381, 12, 'user', 'LOGIN', 12, '2fa_failed', '180.232.85.242', '2026-01-05 09:25:41'),
(382, 12, 'user', 'LOGIN', 12, 'success', '180.232.85.242', '2026-01-05 09:25:47'),
(383, 12, 'user', 'LOGIN', 12, '2fa_failed', '180.232.85.242', '2026-01-05 09:25:53'),
(384, 12, 'user', 'LOGIN', 12, 'success', '180.232.85.242', '2026-01-05 09:27:06'),
(385, 12, 'user', 'LOGIN', 12, '2fa_failed', '180.232.85.242', '2026-01-05 09:27:14'),
(386, 12, 'user', 'LOGIN', 12, 'success', '180.232.85.242', '2026-01-05 09:27:41'),
(387, 12, 'user', 'LOGIN', 12, '2fa_failed', '180.232.85.242', '2026-01-05 09:27:48'),
(388, 12, 'user', 'LOGIN', 12, '2fa_failed', '180.232.85.242', '2026-01-05 09:28:05'),
(389, 12, 'user', 'LOGIN', 12, '2fa_failed', '180.232.85.242', '2026-01-05 09:28:12'),
(390, 12, 'user', 'LOGIN', 12, 'success', '180.232.85.242', '2026-01-05 09:28:33'),
(391, 12, 'user', 'LOGIN', 12, '2fa_failed', '180.232.85.242', '2026-01-05 09:28:41'),
(392, 12, 'user', 'LOGIN', 12, '2fa_failed', '180.232.85.242', '2026-01-05 09:28:47'),
(393, 2, NULL, 'LOGOUT', NULL, NULL, '180.232.85.242', '2026-01-05 09:29:13'),
(394, 12, 'user', 'LOGIN', 12, 'success', '180.232.85.242', '2026-01-05 09:29:20'),
(395, 12, 'user', 'LOGIN', 12, '2fa_failed', '180.232.85.242', '2026-01-05 09:29:25'),
(396, 12, 'user', 'LOGIN', 12, 'success', '180.232.85.242', '2026-01-05 09:29:53'),
(397, 12, 'user', 'UPDATE', 12, '2fa_enabled', '180.232.85.242', '2026-01-05 09:30:26'),
(398, 2, 'user', 'LOGIN', 2, 'success', '180.232.85.242', '2026-01-05 09:31:21'),
(399, 2, 'user', 'LOGIN', 2, '2fa_ok', '180.232.85.242', '2026-01-05 09:31:27'),
(400, 12, NULL, 'LOGOUT', NULL, NULL, '180.232.85.242', '2026-01-05 09:57:20'),
(401, 2, NULL, 'LOGOUT', NULL, NULL, '180.232.85.242', '2026-01-05 09:58:20'),
(402, 2, 'user', 'LOGIN', 2, 'success', '180.232.85.242', '2026-01-05 10:43:42'),
(403, 2, 'user', 'LOGIN', 2, '2fa_ok', '180.232.85.242', '2026-01-05 10:43:45'),
(404, 2, NULL, 'LOGOUT', NULL, NULL, '180.232.85.242', '2026-01-05 10:54:01'),
(405, 2, 'user', 'LOGIN', 2, 'success', '180.232.85.242', '2026-01-05 10:54:09'),
(406, 2, 'user', 'LOGIN', 2, '2fa_ok', '180.232.85.242', '2026-01-05 10:54:12'),
(407, 2, NULL, 'LOGOUT', NULL, NULL, '180.232.85.242', '2026-01-05 10:59:26'),
(408, 1, 'user', 'LOGIN', 1, 'success', '180.232.85.242', '2026-01-05 10:59:31'),
(409, 1, 'user', 'LOGIN', 1, '2fa_ok', '180.232.85.242', '2026-01-05 10:59:36'),
(410, 12, 'user', 'LOGIN', 12, 'success', '180.232.85.242', '2026-01-05 11:00:46'),
(411, 12, 'user', 'LOGIN', 12, '2fa_ok', '180.232.85.242', '2026-01-05 11:00:51'),
(412, 12, NULL, 'LOGOUT', NULL, NULL, '180.232.85.242', '2026-01-05 11:10:37'),
(413, 12, 'user', 'LOGIN', 12, 'success', '180.232.85.242', '2026-01-05 11:10:45'),
(414, 12, 'user', 'LOGIN', 12, '2fa_ok', '180.232.85.242', '2026-01-05 11:10:52'),
(415, 2, 'user', 'LOGIN', 2, 'success', '180.232.85.242', '2026-01-05 11:11:49'),
(416, 2, 'user', 'LOGIN', 2, '2fa_ok', '180.232.85.242', '2026-01-05 11:11:55'),
(417, 1, NULL, 'LOGOUT', NULL, NULL, '180.232.85.242', '2026-01-05 11:14:54'),
(418, 1, 'user', 'LOGIN', 1, 'success', '103.21.12.210', '2026-01-05 12:25:45'),
(419, 1, 'user', 'LOGIN', 1, 'success', '180.232.85.242', '2026-01-05 12:26:23'),
(420, 1, 'user', 'LOGIN', 1, '2fa_ok', '180.232.85.242', '2026-01-05 12:26:40'),
(421, 1, 'user', 'INSERT', 15, 'New user created: doctor03 (doctor)', '180.232.85.242', '2026-01-05 12:28:43'),
(422, 1, NULL, 'LOGOUT', NULL, NULL, '180.232.85.242', '2026-01-05 12:28:51'),
(423, 15, 'user', 'LOGIN', 15, 'success', '180.232.85.242', '2026-01-05 12:29:03'),
(424, 15, 'user', 'UPDATE', 15, '2fa_enabled', '180.232.85.242', '2026-01-05 12:29:42'),
(425, 15, NULL, 'LOGOUT', NULL, NULL, '180.232.85.242', '2026-01-05 12:29:59'),
(426, 15, 'user', 'LOGIN', 15, 'success', '103.21.12.210', '2026-01-05 12:30:11'),
(427, 15, 'user', 'LOGIN', 15, '2fa_ok', '103.21.12.210', '2026-01-05 12:30:18'),
(428, 15, NULL, 'LOGOUT', NULL, NULL, '180.232.85.242', '2026-01-05 12:30:28'),
(429, 16, 'user', 'INSERT', 16, 'patient_registration', '180.232.85.242', '2026-01-05 12:38:11'),
(430, 16, 'patient', 'INSERT', 0, 'patient_profile_created', '180.232.85.242', '2026-01-05 12:38:11'),
(431, 16, 'user', 'LOGIN', 16, 'success', '180.232.85.242', '2026-01-05 12:39:04'),
(432, 16, 'user', 'UPDATE', 16, '2fa_enabled', '180.232.85.242', '2026-01-05 12:39:36'),
(433, 16, 'appointment', 'INSERT', 2, 'Appointment booked for 2026-01-06 15:00', '103.21.12.210', '2026-01-05 12:43:10'),
(434, 16, NULL, 'LOGOUT', NULL, NULL, '103.21.12.210', '2026-01-05 12:44:22'),
(435, 15, 'user', 'LOGIN', 15, 'success', '180.232.85.242', '2026-01-05 12:44:38'),
(436, 15, 'user', 'LOGIN', 15, '2fa_ok', '180.232.85.242', '2026-01-05 12:44:55'),
(437, 15, NULL, 'LOGOUT', NULL, NULL, '180.232.85.242', '2026-01-05 12:48:13'),
(438, NULL, 'user', 'INSERT', 17, 'patient_registration', '180.232.85.242', '2026-01-05 12:59:56'),
(439, NULL, 'patient', 'INSERT', 0, 'patient_profile_created', '180.232.85.242', '2026-01-05 12:59:56'),
(440, 1, 'user', 'LOGIN', 1, 'success', '180.232.85.242', '2026-01-05 13:37:21'),
(441, 1, 'user', 'LOGIN', 1, '2fa_ok', '180.232.85.242', '2026-01-05 13:37:29'),
(442, 1, NULL, 'LOGOUT', NULL, NULL, '180.232.85.242', '2026-01-05 13:49:38'),
(443, 2, 'user', 'LOGIN', 2, 'success', '180.232.85.242', '2026-01-05 13:49:55'),
(444, 2, 'user', 'LOGIN', 2, '2fa_ok', '180.232.85.242', '2026-01-05 13:50:01'),
(445, 2, NULL, 'LOGOUT', NULL, NULL, '180.232.85.242', '2026-01-05 14:08:45'),
(446, NULL, 'user', 'INSERT', 18, 'patient_registration', '180.190.142.242', '2026-01-05 17:51:57'),
(447, NULL, 'patient', 'INSERT', 0, 'patient_profile_created', '180.190.142.242', '2026-01-05 17:51:57'),
(448, NULL, 'user', 'INSERT', 19, 'patient_registration', '180.190.142.242', '2026-01-05 17:55:32'),
(449, NULL, 'patient', 'INSERT', 0, 'patient_profile_created', '180.190.142.242', '2026-01-05 17:55:32'),
(450, 2, 'user', 'LOGIN', 2, 'success', '180.190.142.242', '2026-01-05 18:03:00'),
(451, 2, 'user', 'LOGIN', 2, '2fa_ok', '180.190.142.242', '2026-01-05 18:03:05'),
(452, 2, NULL, 'LOGOUT', NULL, NULL, '180.190.142.242', '2026-01-05 18:04:17'),
(453, 12, 'user', 'LOGIN', 12, 'success', '180.190.142.242', '2026-01-05 18:04:24'),
(454, 12, 'user', 'LOGIN', 12, '2fa_ok', '180.190.142.242', '2026-01-05 18:04:30'),
(455, 12, 'appointment', 'INSERT', 3, 'Appointment booked for 2026-01-05 16:30:00', '180.190.142.242', '2026-01-05 18:06:06'),
(456, 12, 'appointment', 'INSERT', 4, 'Appointment booked for 2026-01-10 16:30:00', '180.190.142.242', '2026-01-05 18:06:29'),
(457, 12, 'appointment', 'UPDATE', 3, 'Patient cancelled appointment', '180.190.142.242', '2026-01-05 18:06:49'),
(458, 12, 'appointment', 'UPDATE', 4, 'Patient cancelled appointment', '180.190.142.242', '2026-01-05 18:06:54'),
(459, 12, 'appointment', 'UPDATE', 1, 'Patient cancelled appointment', '180.190.142.242', '2026-01-05 18:06:57'),
(460, 12, NULL, 'LOGOUT', NULL, NULL, '180.190.142.242', '2026-01-05 18:18:48'),
(461, 1, 'user', 'LOGIN', 1, 'success', '180.190.142.242', '2026-01-05 18:27:46'),
(462, 1, 'user', 'LOGIN', 1, '2fa_ok', '180.190.142.242', '2026-01-05 18:27:49'),
(463, 1, NULL, 'LOGOUT', NULL, NULL, '180.190.142.242', '2026-01-05 18:43:53'),
(464, 3, 'user', 'LOGIN', 3, 'success', '180.190.142.242', '2026-01-05 18:43:59'),
(465, 3, 'user', 'LOGIN', 3, '2fa_ok', '180.190.142.242', '2026-01-05 18:44:02'),
(466, 3, NULL, 'LOGOUT', NULL, NULL, '180.190.142.242', '2026-01-05 18:45:45'),
(467, 1, 'user', 'LOGIN', 1, 'success', '180.190.142.242', '2026-01-05 18:46:54'),
(468, 1, 'user', 'LOGIN', 1, '2fa_ok', '180.190.142.242', '2026-01-05 18:46:57'),
(469, 1, NULL, 'LOGOUT', NULL, NULL, '180.190.142.242', '2026-01-05 18:48:38'),
(470, 1, 'user', 'LOGIN', 1, 'success', '::1', '2026-01-05 22:24:17'),
(471, 1, 'user', 'LOGIN', 1, 'success', '::1', '2026-01-05 22:24:39'),
(472, NULL, 'user', 'INSERT', 20, 'patient_registration', '::1', '2026-01-05 22:26:41'),
(473, NULL, 'patient', 'INSERT', 0, 'patient_profile_created', '::1', '2026-01-05 22:26:41'),
(474, 1, 'user', 'LOGIN', 1, 'success', '::1', '2026-01-05 22:35:38'),
(475, NULL, 'user', 'INSERT', 21, 'patient_registration', '::1', '2026-01-05 22:36:42'),
(476, NULL, 'patient', 'INSERT', 0, 'patient_profile_created', '::1', '2026-01-05 22:36:42'),
(477, NULL, 'user', 'LOGIN', 21, 'failed_login', '::1', '2026-01-05 22:38:21'),
(478, 1, 'user', 'LOGIN', 1, 'success', '::1', '2026-01-05 22:38:53'),
(479, 1, 'user', 'LOGIN', 1, 'success', '::1', '2026-01-05 22:46:43'),
(480, 1, 'user', 'LOGIN', 1, '2fa_ok', '::1', '2026-01-05 22:46:48'),
(481, 1, NULL, 'LOGOUT', NULL, NULL, '::1', '2026-01-05 22:48:22'),
(482, 12, 'user', 'LOGIN', 12, 'success', '::1', '2026-01-05 22:48:28'),
(483, 12, 'user', 'LOGIN', 12, '2fa_ok', '::1', '2026-01-05 22:48:33'),
(484, 12, NULL, 'LOGOUT', NULL, NULL, '::1', '2026-01-05 22:50:34'),
(485, 2, 'user', 'LOGIN', 2, 'success', '::1', '2026-01-05 22:50:40'),
(486, 2, 'user', 'LOGIN', 2, '2fa_ok', '::1', '2026-01-05 22:50:44'),
(487, 2, NULL, 'LOGOUT', NULL, NULL, '::1', '2026-01-05 22:53:24'),
(488, 3, 'user', 'LOGIN', 3, 'success', '::1', '2026-01-05 22:53:30'),
(489, 3, 'user', 'LOGIN', 3, '2fa_ok', '::1', '2026-01-05 22:53:33'),
(490, 3, NULL, 'LOGOUT', NULL, NULL, '::1', '2026-01-05 22:55:44'),
(491, 12, 'user', 'LOGIN', 12, 'success', '::1', '2026-01-05 23:00:53'),
(492, 12, 'user', 'LOGIN', 12, '2fa_ok', '::1', '2026-01-05 23:00:58'),
(493, 12, NULL, 'LOGOUT', NULL, NULL, '::1', '2026-01-05 23:05:50'),
(494, 3, 'user', 'LOGIN', 3, 'success', '::1', '2026-01-05 23:05:57'),
(495, 3, 'user', 'LOGIN', 3, '2fa_ok', '::1', '2026-01-05 23:06:00'),
(496, 3, 'queue', 'INSERT', 2, 'Patient checked in to queue', '::1', '2026-01-05 23:06:26'),
(497, 3, 'queue', 'INSERT', 2, 'Patient checked in to queue', '::1', '2026-01-05 23:07:31'),
(498, 3, NULL, 'LOGOUT', NULL, NULL, '::1', '2026-01-05 23:08:00'),
(499, 1, 'user', 'LOGIN', 1, 'success', '::1', '2026-01-06 10:22:51'),
(500, 1, 'user', 'LOGIN', 1, '2fa_ok', '::1', '2026-01-06 10:25:43'),
(501, 1, NULL, 'LOGOUT', NULL, NULL, '::1', '2026-01-06 10:50:36'),
(502, 1, 'user', 'LOGIN', 1, 'success', '::1', '2026-01-06 11:12:16'),
(503, 1, 'user', 'LOGIN', 1, '2fa_ok', '::1', '2026-01-06 11:12:20'),
(504, 1, NULL, 'LOGOUT', NULL, NULL, '::1', '2026-01-06 11:42:33'),
(505, 1, 'user', 'LOGIN', 1, 'success', '::1', '2026-01-06 11:46:54'),
(506, 1, 'user', 'LOGIN', 1, '2fa_ok', '::1', '2026-01-06 11:46:57'),
(507, 1, NULL, 'LOGOUT', NULL, NULL, '::1', '2026-01-06 11:58:29'),
(508, 1, 'user', 'LOGIN', 1, 'success', '::1', '2026-01-06 12:04:07'),
(509, 1, 'user', 'LOGIN', 1, '2fa_ok', '::1', '2026-01-06 12:04:10'),
(510, 2, 'user', 'LOGIN', 2, 'success', '::1', '2026-01-06 12:07:57'),
(511, 2, 'user', 'LOGIN', 2, '2fa_ok', '::1', '2026-01-06 12:07:58'),
(512, 2, NULL, 'LOGOUT', NULL, NULL, '::1', '2026-01-06 12:08:34'),
(513, 3, 'user', 'LOGIN', 3, 'success', '::1', '2026-01-06 12:08:40'),
(514, 3, 'user', 'LOGIN', 3, '2fa_ok', '::1', '2026-01-06 12:08:44'),
(515, 1, NULL, 'LOGOUT', NULL, NULL, '::1', '2026-01-06 12:32:06'),
(516, 1, 'user', 'LOGIN', 1, 'success', '::1', '2026-01-06 12:46:02'),
(517, 1, 'user', 'LOGIN', 1, '2fa_ok', '::1', '2026-01-06 12:46:05'),
(518, 1, NULL, 'LOGOUT', NULL, NULL, '::1', '2026-01-06 12:48:14'),
(519, 2, 'user', 'LOGIN', 2, 'success', '::1', '2026-01-06 12:48:23'),
(520, 2, 'user', 'LOGIN', 2, '2fa_ok', '::1', '2026-01-06 12:48:24'),
(521, 2, NULL, 'LOGOUT', NULL, NULL, '::1', '2026-01-06 12:48:47'),
(522, 3, 'user', 'LOGIN', 3, 'success', '::1', '2026-01-06 12:48:54'),
(523, 3, 'user', 'LOGIN', 3, '2fa_ok', '::1', '2026-01-06 12:48:59'),
(524, 3, NULL, 'LOGOUT', NULL, NULL, '::1', '2026-01-06 12:49:50'),
(525, 1, 'user', 'LOGIN', 1, 'success', '::1', '2026-01-06 13:13:51'),
(526, 1, 'user', 'LOGIN', 1, '2fa_ok', '::1', '2026-01-06 13:13:56'),
(527, 1, NULL, 'LOGOUT', NULL, NULL, '::1', '2026-01-06 13:18:18'),
(528, 1, 'user', 'LOGIN', 1, 'success', '::1', '2026-01-06 13:20:10'),
(529, 1, 'user', 'LOGIN', 1, '2fa_ok', '::1', '2026-01-06 13:20:52'),
(530, 1, NULL, 'LOGOUT', NULL, NULL, '::1', '2026-01-06 13:31:58'),
(531, 2, 'user', 'LOGIN', 2, 'success', '::1', '2026-01-06 13:39:43'),
(532, 2, 'user', 'LOGIN', 2, '2fa_ok', '::1', '2026-01-06 13:39:48'),
(533, 3, 'user', 'LOGIN', 3, 'success', '::1', '2026-01-06 13:40:00'),
(534, 3, 'user', 'LOGIN', 3, '2fa_ok', '::1', '2026-01-06 13:40:04'),
(535, 12, 'user', 'LOGIN', 12, 'success', '::1', '2026-01-06 13:40:13'),
(536, 12, 'user', 'LOGIN', 12, '2fa_ok', '::1', '2026-01-06 13:40:19'),
(537, 2, 'user', 'LOGIN', 2, 'success', '::1', '2026-01-06 13:47:10'),
(538, 2, 'user', 'LOGIN', 2, '2fa_ok', '::1', '2026-01-06 13:47:15'),
(539, 1, 'user', 'LOGIN', 1, 'success', '::1', '2026-01-07 07:29:04'),
(540, 1, 'user', 'LOGIN', 1, '2fa_ok', '::1', '2026-01-07 07:29:07'),
(541, 1, NULL, 'LOGOUT', NULL, NULL, '::1', '2026-01-07 08:27:21'),
(542, 1, 'user', 'LOGIN', 1, 'success', '::1', '2026-01-07 08:59:44'),
(543, 1, 'user', 'LOGIN', 1, '2fa_ok', '::1', '2026-01-07 08:59:45'),
(544, 1, NULL, 'LOGOUT', NULL, NULL, '::1', '2026-01-07 09:51:21'),
(545, 1, 'user', 'LOGIN', 1, 'success', '::1', '2026-01-07 10:11:40'),
(546, 1, 'user', 'LOGIN', 1, '2fa_ok', '::1', '2026-01-07 10:11:43'),
(547, 2, 'user', 'LOGIN', 2, 'success', '::1', '2026-01-07 10:12:02'),
(548, 2, 'user', 'LOGIN', 2, '2fa_ok', '::1', '2026-01-07 10:12:07'),
(549, 2, NULL, 'LOGOUT', NULL, NULL, '::1', '2026-01-07 10:17:04'),
(550, 1, 'user', 'LOGIN', 1, 'success', '::1', '2026-01-07 10:32:28'),
(551, 1, 'user', 'LOGIN', 1, '2fa_ok', '::1', '2026-01-07 10:32:32'),
(552, 1, 'system_settings', 'UPDATE', NULL, 'System settings updated', '::1', '2026-01-07 10:35:58'),
(553, 1, 'user', 'UPDATE', 21, 'User updated: {\"first_name\":\"fsd\",\"last_name\":\"wef\",\"email\":\"test@example.com\",\"role\":\"secretary\"}', '::1', '2026-01-07 10:44:19'),
(554, 1, 'user', 'UPDATE', 21, 'User updated: {\"first_name\":\"fsd\",\"last_name\":\"wef\",\"email\":\"test@example.com\",\"role\":\"patient\"}', '::1', '2026-01-07 10:44:25'),
(555, 1, 'messages', 'INSERT', 18, 'Message sent', '::1', '2026-01-07 10:46:47'),
(556, 1, NULL, 'LOGOUT', NULL, NULL, '::1', '2026-01-07 10:57:58'),
(557, 2, 'user', 'LOGIN', 2, 'success', '::1', '2026-01-07 11:18:47'),
(558, 2, 'user', 'LOGIN', 2, '2fa_ok', '::1', '2026-01-07 11:18:50'),
(559, 2, NULL, 'LOGOUT', NULL, NULL, '::1', '2026-01-07 11:20:08'),
(560, 3, 'user', 'LOGIN', 3, 'success', '::1', '2026-01-07 11:26:56'),
(561, 3, 'user', 'LOGIN', 3, '2fa_ok', '::1', '2026-01-07 11:27:02'),
(562, 12, 'user', 'LOGIN', 12, 'success', '::1', '2026-01-07 11:29:44'),
(563, 12, 'user', 'LOGIN', 12, '2fa_ok', '::1', '2026-01-07 11:29:48'),
(564, 1, 'user', 'LOGIN', 1, 'success', '::1', '2026-01-07 11:31:50'),
(565, 1, 'user', 'LOGIN', 1, '2fa_ok', '::1', '2026-01-07 11:31:56'),
(566, 1, 'documents', 'INSERT', 3, 'document_uploaded: 1.png', '::1', '2026-01-07 11:36:17'),
(567, 1, 'system_settings', 'UPDATE', NULL, 'Updated System Name to \'MatriFlow Hospital System\', Admin Email to \'admin@matriflow.com\'', '::1', '2026-01-07 11:37:54'),
(568, 3, NULL, 'LOGOUT', NULL, NULL, '::1', '2026-01-07 11:43:11'),
(569, 1, NULL, 'LOGOUT', NULL, NULL, '::1', '2026-01-07 11:49:49'),
(570, 1, 'user', 'LOGIN', 1, 'success', '::1', '2026-01-07 12:16:59'),
(571, 1, 'user', 'LOGIN', 1, '2fa_ok', '::1', '2026-01-07 12:17:04'),
(572, 1, 'user', 'UPDATE', 21, 'User status toggled to Inactive', '::1', '2026-01-07 12:35:04'),
(573, 1, 'user', 'UPDATE', 21, 'User status toggled to Active', '::1', '2026-01-07 12:35:09'),
(574, 1, 'user', 'UPDATE', 21, 'User status toggled to Inactive', '::1', '2026-01-07 12:35:16'),
(575, 1, NULL, 'LOGOUT', NULL, NULL, '::1', '2026-01-07 12:48:04'),
(576, 1, 'user', 'LOGIN', 1, 'success', '::1', '2026-01-07 13:52:32'),
(577, 1, 'user', 'LOGIN', 1, '2fa_ok', '::1', '2026-01-07 13:52:35'),
(578, 1, 'messages', 'INSERT', 19, 'Message sent to User ID: 12', '::1', '2026-01-07 13:55:18'),
(579, 1, NULL, 'LOGOUT', NULL, NULL, '::1', '2026-01-07 14:06:21'),
(580, 1, 'user', 'LOGIN', 1, 'success', '::1', '2026-01-07 14:28:52'),
(581, 1, 'user', 'LOGIN', 1, '2fa_ok', '::1', '2026-01-07 14:28:55'),
(582, 1, 'documents', 'INSERT', 4, 'document_uploaded: 7.png', '::1', '2026-01-07 14:30:17'),
(583, 1, NULL, 'LOGOUT', NULL, NULL, '::1', '2026-01-07 14:33:53'),
(584, 3, 'user', 'LOGIN', 3, 'success', '::1', '2026-01-07 14:34:01'),
(585, 3, 'user', 'LOGIN', 3, '2fa_ok', '::1', '2026-01-07 14:34:04'),
(586, 3, NULL, 'LOGOUT', NULL, NULL, '::1', '2026-01-07 15:02:56'),
(587, 1, 'user', 'LOGIN', 1, 'success', '::1', '2026-01-07 15:25:29'),
(588, 1, 'user', 'LOGIN', 1, '2fa_ok', '::1', '2026-01-07 15:25:33'),
(589, 1, NULL, 'LOGOUT', NULL, NULL, '::1', '2026-01-07 15:26:44'),
(590, 1, 'user', 'LOGIN', 1, 'success', '::1', '2026-01-07 16:46:12'),
(591, 1, 'user', 'LOGIN', 1, '2fa_ok', '::1', '2026-01-07 16:46:16'),
(592, 1, NULL, 'LOGOUT', NULL, NULL, '::1', '2026-01-07 16:59:28'),
(593, 1, 'user', 'LOGIN', 1, 'success', '::1', '2026-01-07 16:59:34'),
(594, 1, 'user', 'LOGIN', 1, '2fa_ok', '::1', '2026-01-07 16:59:37'),
(595, 1, NULL, 'LOGOUT', NULL, NULL, '::1', '2026-01-07 17:51:42'),
(596, 2, 'user', 'LOGIN', 2, 'success', '::1', '2026-01-07 18:20:19'),
(597, 2, 'user', 'LOGIN', 2, '2fa_ok', '::1', '2026-01-07 18:20:23'),
(598, 2, 'prescription', 'INSERT', 3, 'prescription_issued', '::1', '2026-01-07 18:27:26'),
(599, 2, NULL, 'LOGOUT', NULL, NULL, '::1', '2026-01-07 18:40:16'),
(600, 1, 'user', 'LOGIN', 1, 'success', '::1', '2026-01-07 19:25:08'),
(601, 1, 'user', 'LOGIN', 1, '2fa_failed', '::1', '2026-01-07 19:25:13'),
(602, 1, 'user', 'LOGIN', 1, '2fa_failed', '::1', '2026-01-07 19:25:17'),
(603, 2, 'user', 'LOGIN', 2, 'success', '::1', '2026-01-07 19:25:21'),
(604, 2, 'user', 'LOGIN', 2, '2fa_ok', '::1', '2026-01-07 19:25:24'),
(605, 2, NULL, 'LOGOUT', NULL, NULL, '::1', '2026-01-07 19:36:21'),
(606, 2, 'user', 'LOGIN', 2, 'success', '::1', '2026-01-07 20:23:49'),
(607, 2, 'user', 'LOGIN', 2, '2fa_ok', '::1', '2026-01-07 20:23:53'),
(608, 2, NULL, 'LOGOUT', NULL, NULL, '::1', '2026-01-07 20:38:31'),
(609, 3, 'user', 'LOGIN', 3, 'success', '::1', '2026-01-07 20:38:58'),
(610, 3, 'user', 'LOGIN', 3, '2fa_ok', '::1', '2026-01-07 20:39:03'),
(611, 3, 'appointment', 'INSERT', 5, 'Staff scheduled appointment for patient #8', '::1', '2026-01-07 20:59:25'),
(612, 3, NULL, 'LOGOUT', NULL, NULL, '::1', '2026-01-07 21:11:44'),
(613, 12, 'user', 'LOGIN', 12, 'success', '::1', '2026-01-07 21:12:11'),
(614, 12, 'user', 'LOGIN', 12, '2fa_ok', '::1', '2026-01-07 21:12:22'),
(615, 12, 'messages', 'INSERT', 20, 'Message sent to User ID: 1', '::1', '2026-01-07 21:13:28'),
(616, 12, 'messages', 'INSERT', 21, 'Message sent to User ID: 1', '::1', '2026-01-07 21:13:30');
INSERT INTO `audit_log` (`audit_log_id`, `user_id`, `table_name`, `operation`, `record_id`, `changes_made`, `ip_address`, `logged_at`) VALUES
(617, 12, 'messages', 'INSERT', 22, 'Message sent to User ID: 1', '::1', '2026-01-07 21:13:31'),
(618, 12, NULL, 'LOGOUT', NULL, NULL, '::1', '2026-01-07 21:41:34'),
(619, 3, 'user', 'LOGIN', 3, 'success', '::1', '2026-01-07 22:27:54'),
(620, 3, 'user', 'LOGIN', 3, '2fa_ok', '::1', '2026-01-07 22:27:59'),
(621, 3, NULL, 'LOGOUT', NULL, NULL, '::1', '2026-01-07 22:40:21'),
(622, NULL, 'user', 'INSERT', 22, 'patient_registration', '::1', '2026-01-08 11:43:21'),
(623, NULL, 'patient', 'INSERT', 0, 'patient_profile_created', '::1', '2026-01-08 11:43:21'),
(624, 1, 'user', 'LOGIN', 1, 'success', '::1', '2026-01-08 13:18:05'),
(625, 1, 'user', 'LOGIN', 1, '2fa_ok', '::1', '2026-01-08 13:18:08'),
(626, 1, 'user', 'INSERT', 23, 'New user created: weff (patient)', '::1', '2026-01-08 13:19:04'),
(627, 1, NULL, 'LOGOUT', NULL, NULL, '::1', '2026-01-08 13:19:34'),
(628, NULL, 'user', 'LOGIN', 23, 'success', '::1', '2026-01-08 13:19:47'),
(629, 2, 'user', 'LOGIN', 2, 'success', '::1', '2026-01-08 13:26:02'),
(630, 2, 'user', 'LOGIN', 2, '2fa_ok', '::1', '2026-01-08 13:26:06'),
(631, 2, NULL, 'LOGOUT', NULL, NULL, '::1', '2026-01-08 13:28:51'),
(632, 3, 'user', 'LOGIN', 3, 'success', '::1', '2026-01-08 13:29:00'),
(633, 3, 'user', 'LOGIN', 3, '2fa_ok', '::1', '2026-01-08 13:29:03'),
(634, 3, NULL, 'LOGOUT', NULL, NULL, '::1', '2026-01-08 13:35:39'),
(635, 2, 'user', 'LOGIN', 2, 'success', '::1', '2026-01-08 13:35:44'),
(636, 2, 'user', 'LOGIN', 2, '2fa_ok', '::1', '2026-01-08 13:35:49'),
(637, 2, NULL, 'LOGOUT', NULL, NULL, '::1', '2026-01-08 13:47:03'),
(638, 2, 'user', 'LOGIN', 2, 'success', '::1', '2026-01-08 14:54:54'),
(639, 2, 'user', 'LOGIN', 2, '2fa_ok', '::1', '2026-01-08 14:54:59'),
(640, 2, NULL, 'LOGOUT', NULL, NULL, '::1', '2026-01-08 14:55:14'),
(641, 1, 'user', 'LOGIN', 1, 'success', '::1', '2026-01-08 14:55:20'),
(642, 1, 'user', 'LOGIN', 1, '2fa_ok', '::1', '2026-01-08 14:55:24'),
(643, 1, 'system_settings', 'UPDATE', NULL, 'Updated System Name to \'MatriFlow - CHMC\', Admin Email to \'system@matriflow.com\'', '::1', '2026-01-08 14:58:15'),
(644, 1, NULL, 'LOGOUT', NULL, NULL, '::1', '2026-01-08 15:07:17'),
(645, 1, 'user', 'LOGIN', 1, 'success', '::1', '2026-01-08 15:29:03'),
(646, 1, 'user', 'LOGIN', 1, '2fa_ok', '::1', '2026-01-08 15:29:09'),
(647, 1, NULL, 'LOGOUT', NULL, NULL, '::1', '2026-01-08 15:38:04'),
(648, 12, 'user', 'LOGIN', 12, 'success', '::1', '2026-01-08 15:38:16'),
(649, 12, 'user', 'LOGIN', 12, '2fa_ok', '::1', '2026-01-08 15:38:20'),
(650, 12, NULL, 'LOGOUT', NULL, NULL, '::1', '2026-01-08 15:39:34'),
(651, 2, 'user', 'LOGIN', 2, 'success', '::1', '2026-01-08 15:42:39'),
(652, 2, 'user', 'LOGIN', 2, '2fa_ok', '::1', '2026-01-08 15:42:45'),
(653, 2, NULL, 'LOGOUT', NULL, NULL, '::1', '2026-01-08 16:31:03'),
(654, NULL, 'user', 'INSERT', 24, 'patient_registration', '::1', '2026-01-08 16:34:54'),
(655, NULL, 'patient', 'INSERT', 0, 'patient_profile_created', '::1', '2026-01-08 16:34:54'),
(656, NULL, 'user', 'INSERT', 25, 'patient_registration', '::1', '2026-01-08 16:52:47'),
(657, NULL, 'patient', 'INSERT', 0, 'patient_profile_created', '::1', '2026-01-08 16:52:47'),
(658, NULL, 'user', 'INSERT', 26, 'patient_registration', '::1', '2026-01-08 16:56:59'),
(659, NULL, 'patient', 'INSERT', 0, 'patient_profile_created', '::1', '2026-01-08 16:56:59'),
(660, NULL, 'user', 'INSERT', 27, 'patient_registration', '::1', '2026-01-08 17:11:58'),
(661, NULL, 'patient', 'INSERT', 0, 'patient_profile_created', '::1', '2026-01-08 17:11:58'),
(662, NULL, 'user', 'INSERT', 28, 'patient_registration', '::1', '2026-01-08 17:14:20'),
(663, NULL, 'patient', 'INSERT', 0, 'patient_profile_created', '::1', '2026-01-08 17:14:20'),
(664, NULL, 'user', 'INSERT', 29, 'patient_registration', '::1', '2026-01-08 17:24:59'),
(665, NULL, 'patient', 'INSERT', 0, 'patient_profile_created', '::1', '2026-01-08 17:24:59'),
(666, 5, 'password_reset_tokens', 'INSERT', NULL, 'password_reset_requested', '::1', '2026-01-08 17:28:45'),
(667, 5, 'password_reset_tokens', 'INSERT', NULL, 'password_reset_requested', '::1', '2026-01-08 17:28:45'),
(668, NULL, 'user', 'INSERT', 31, 'patient_registration', '::1', '2026-01-08 18:25:17'),
(669, NULL, 'patient', 'INSERT', 0, 'patient_profile_created', '::1', '2026-01-08 18:25:17'),
(670, NULL, 'user', 'INSERT', 32, 'patient_registration', '::1', '2026-01-08 18:32:38'),
(671, NULL, 'patient', 'INSERT', 0, 'patient_profile_created', '::1', '2026-01-08 18:32:38'),
(672, 1, 'password_reset_tokens', 'INSERT', NULL, 'password_reset_requested', '::1', '2026-01-08 18:43:11'),
(673, 1, 'password_reset_tokens', 'INSERT', NULL, 'password_reset_requested', '::1', '2026-01-08 18:43:11'),
(674, 1, 'password_reset_tokens', 'INSERT', NULL, 'password_reset_requested', '::1', '2026-01-08 18:43:44'),
(675, 1, 'password_reset_tokens', 'INSERT', NULL, 'password_reset_requested', '::1', '2026-01-08 18:43:44'),
(676, NULL, 'user', 'INSERT', 33, 'patient_registration', '::1', '2026-01-08 19:00:33'),
(677, NULL, 'patient', 'INSERT', 0, 'patient_profile_created', '::1', '2026-01-08 19:00:33'),
(678, NULL, 'user', 'INSERT', 34, 'patient_registration', '::1', '2026-01-08 19:20:12'),
(679, NULL, 'patient', 'INSERT', 0, 'patient_profile_created', '::1', '2026-01-08 19:20:12'),
(680, 1, 'user', 'LOGIN', 1, 'success', '::1', '2026-01-10 19:17:03'),
(681, 1, 'user', 'LOGIN', 1, '2fa_ok', '::1', '2026-01-10 19:17:07'),
(682, 1, NULL, 'LOGOUT', NULL, NULL, '::1', '2026-01-10 19:18:03'),
(683, 1, 'user', 'LOGIN', 1, 'success', '::1', '2026-01-10 19:22:19'),
(684, 1, 'user', 'LOGIN', 1, '2fa_ok', '::1', '2026-01-10 19:22:24'),
(685, 1, NULL, 'LOGOUT', NULL, NULL, '::1', '2026-01-10 19:33:33'),
(686, 1, 'user', 'LOGIN', 1, 'success', '::1', '2026-01-10 19:48:32'),
(687, 1, 'user', 'LOGIN', 1, '2fa_ok', '::1', '2026-01-10 19:48:42'),
(688, 1, NULL, 'LOGOUT', NULL, NULL, '::1', '2026-01-10 20:33:54'),
(689, 7, 'user', 'LOGIN', 7, 'success', '::1', '2026-01-10 20:34:07'),
(690, 7, 'user', 'LOGIN', 7, '2fa_failed', '::1', '2026-01-10 20:34:18'),
(691, 7, 'user', 'LOGIN', 7, '2fa_failed', '::1', '2026-01-10 20:34:21'),
(692, 7, 'user', 'LOGIN', 7, '2fa_failed', '::1', '2026-01-10 20:34:25'),
(693, 7, 'user', 'LOGIN', 7, '2fa_failed', '::1', '2026-01-10 20:34:30'),
(694, 12, 'user', 'LOGIN', 12, 'success', '::1', '2026-01-10 20:34:46'),
(695, 12, 'user', 'LOGIN', 12, '2fa_ok', '::1', '2026-01-10 20:34:51'),
(696, 2, 'users', 'LOGIN', 2, 'success', '::1', '2026-01-10 22:35:02'),
(697, 2, 'user', 'LOGIN', 2, '2fa_ok', '::1', '2026-01-10 22:35:06'),
(698, NULL, 'users', 'INSERT', 17, 'patient_registration', '::1', '2026-01-10 22:38:41'),
(699, NULL, 'users', 'UPDATE', 17, 'patient_profile_merged', '::1', '2026-01-10 22:38:41'),
(700, 2, NULL, 'LOGOUT', NULL, NULL, '::1', '2026-01-10 22:38:54'),
(701, NULL, 'users', 'INSERT', 18, 'patient_registration', '::1', '2026-01-10 22:40:59'),
(702, NULL, 'users', 'UPDATE', 18, 'patient_profile_merged', '::1', '2026-01-10 22:40:59'),
(703, 2, 'users', 'LOGIN', 2, 'success', '::1', '2026-01-10 22:41:52'),
(704, 2, 'users', 'LOGIN', 2, '2fa_ok', '::1', '2026-01-10 22:41:56'),
(705, 2, 'messages', 'INSERT', 23, 'Message sent to User ID: 1', '::1', '2026-01-10 22:42:22'),
(706, 2, 'documents', '', 2, 'Generated appointments report (Export ID: CHMC-APP-2-2601102245)', '::1', '2026-01-10 22:45:16'),
(707, 2, NULL, 'LOGOUT', NULL, NULL, '::1', '2026-01-10 22:46:12'),
(708, 1, 'users', 'LOGIN', 1, 'success', '::1', '2026-01-10 22:46:18'),
(709, 1, 'users', 'LOGIN', 1, '2fa_ok', '::1', '2026-01-10 22:46:21'),
(710, 1, 'users', 'INSERT', 19, 'New user created: TestUser2 (patient)', '::1', '2026-01-10 22:47:49'),
(711, 1, 'users', 'UPDATE', 19, 'User status toggled to Inactive', '::1', '2026-01-10 22:49:16'),
(712, 1, 'users', 'UPDATE', 19, 'User status toggled to Active', '::1', '2026-01-10 22:49:19'),
(713, 1, 'documents', '', 1, 'Generated appointments report (Export ID: CHMC-APP-1-2601102249)', '::1', '2026-01-10 22:49:48'),
(714, 1, NULL, 'LOGOUT', NULL, NULL, '::1', '2026-01-10 22:52:30'),
(715, 3, 'users', 'LOGIN', 3, 'success', '::1', '2026-01-10 22:52:42'),
(716, 3, 'users', 'LOGIN', 3, '2fa_ok', '::1', '2026-01-10 22:52:46'),
(717, 3, 'appointment', 'INSERT', 6, 'Staff scheduled appointment for patient #12', '::1', '2026-01-10 22:53:12'),
(718, 3, 'documents', '', 3, 'Generated appointments report (Export ID: CHMC-APP-3-2601102256)', '::1', '2026-01-10 22:56:58'),
(719, 3, NULL, 'LOGOUT', NULL, NULL, '::1', '2026-01-10 22:57:03'),
(720, 12, 'users', 'LOGIN', 12, 'success', '::1', '2026-01-10 22:57:09'),
(721, 12, 'users', 'LOGIN', 12, '2fa_ok', '::1', '2026-01-10 22:57:13'),
(722, 12, 'appointment', 'UPDATE', 6, 'Patient cancelled appointment', '::1', '2026-01-10 22:57:48'),
(723, 12, 'users', 'LOGOUT', 12, 'User logged out', '::1', '2026-01-10 23:15:53'),
(724, 12, NULL, 'LOGOUT', NULL, NULL, '::1', '2026-01-10 23:15:53'),
(725, 3, 'users', 'LOGIN', 3, 'success', '::1', '2026-01-10 23:15:59'),
(726, 3, 'users', 'LOGIN', 3, '2fa_ok', '::1', '2026-01-10 23:16:02'),
(727, 3, 'users', 'LOGIN', 3, 'success', '::1', '2026-01-11 22:57:17'),
(728, 3, 'users', 'LOGIN', 3, '2fa_ok', '::1', '2026-01-11 22:57:22'),
(729, 3, 'users', 'LOGOUT', 3, 'User logged out', '::1', '2026-01-11 23:10:37'),
(730, 3, NULL, 'LOGOUT', NULL, NULL, '::1', '2026-01-11 23:10:37'),
(731, 2, 'users', 'LOGIN', 2, 'success', '::1', '2026-01-11 23:16:36'),
(732, 2, 'users', 'LOGIN', 2, '2fa_ok', '::1', '2026-01-11 23:16:39'),
(733, 2, 'users', 'LOGOUT', 2, 'User logged out', '::1', '2026-01-11 23:20:32'),
(734, 2, NULL, 'LOGOUT', NULL, NULL, '::1', '2026-01-11 23:20:32'),
(735, 1, 'users', 'LOGIN', 1, 'success', '::1', '2026-01-12 07:31:05'),
(736, 1, 'users', 'LOGIN', 1, '2fa_failed', '::1', '2026-01-12 07:31:33'),
(737, 1, 'users', 'LOGIN', 1, '2fa_failed', '::1', '2026-01-12 07:31:37'),
(738, 1, 'users', 'LOGIN', 1, '2fa_ok', '::1', '2026-01-12 07:31:42'),
(739, 1, 'messages', 'INSERT', 24, 'Message sent to User ID: 2', '::1', '2026-01-12 07:36:41'),
(740, 1, 'users', 'LOGOUT', 1, 'User logged out', '::1', '2026-01-12 07:37:24'),
(741, 1, NULL, 'LOGOUT', NULL, NULL, '::1', '2026-01-12 07:37:24'),
(742, 2, 'users', 'LOGIN', 2, 'success', '::1', '2026-01-12 07:37:31'),
(743, 2, 'users', 'LOGIN', 2, '2fa_ok', '::1', '2026-01-12 07:37:38'),
(744, 2, 'users', 'LOGOUT', 2, 'User logged out', '::1', '2026-01-12 07:57:16'),
(745, 2, NULL, 'LOGOUT', NULL, NULL, '::1', '2026-01-12 07:57:16'),
(746, 1, 'users', 'LOGIN', 1, 'success', '::1', '2026-01-12 16:35:23'),
(747, 1, 'users', 'LOGIN', 1, '2fa_ok', '::1', '2026-01-12 16:35:28'),
(748, 1, 'users', 'LOGOUT', 1, 'User logged out', '::1', '2026-01-12 17:02:18'),
(749, 1, NULL, 'LOGOUT', NULL, NULL, '::1', '2026-01-12 17:02:18'),
(750, 1, 'users', 'LOGIN', 1, 'success', '::1', '2026-01-12 17:26:02'),
(751, 1, 'users', 'LOGIN', 1, '2fa_ok', '::1', '2026-01-12 17:26:08'),
(752, 1, 'users', 'LOGOUT', 1, 'User logged out', '::1', '2026-01-12 17:37:55'),
(753, 1, NULL, 'LOGOUT', NULL, NULL, '::1', '2026-01-12 17:37:55'),
(754, 3, 'users', 'LOGIN', 3, 'success', '::1', '2026-01-12 17:38:15'),
(755, 3, 'users', 'LOGIN', 3, '2fa_ok', '::1', '2026-01-12 17:38:18'),
(756, 3, 'queue', 'INSERT', 2, 'Patient checked in to queue', '::1', '2026-01-12 17:40:48'),
(757, 3, 'vital_signs', 'INSERT', 19, 'vitals_recorded', '::1', '2026-01-12 17:43:58'),
(758, 3, 'documents', '', 3, 'Generated appointments report (Export ID: CHMC-APP-3-2601121754)', '::1', '2026-01-12 17:54:46'),
(759, 3, 'users', 'LOGOUT', 3, 'User logged out', '::1', '2026-01-12 17:55:29'),
(760, 3, NULL, 'LOGOUT', NULL, NULL, '::1', '2026-01-12 17:55:29'),
(761, 2, 'users', 'LOGIN', 2, 'success', '::1', '2026-01-12 17:55:37'),
(762, 2, 'users', 'LOGIN', 2, '2fa_ok', '::1', '2026-01-12 17:55:40'),
(763, 2, 'patient_queue', 'UPDATE', 3, 'Started consultation for queue item #3', '::1', '2026-01-12 18:06:04'),
(764, 2, 'patient_queue', 'UPDATE', 3, 'Finished consultation for queue item #3', '::1', '2026-01-12 18:06:51'),
(765, 2, 'users', 'LOGOUT', 2, 'User logged out', '::1', '2026-01-12 18:12:11'),
(766, 2, NULL, 'LOGOUT', NULL, NULL, '::1', '2026-01-12 18:12:11'),
(767, 12, 'users', 'LOGIN', 12, 'success', '::1', '2026-01-12 18:12:39'),
(768, 12, 'users', 'LOGIN', 12, '2fa_ok', '::1', '2026-01-12 18:12:43'),
(769, 12, 'appointment', 'UPDATE', 5, 'Patient cancelled appointment', '::1', '2026-01-12 18:13:24'),
(770, 12, 'users', 'LOGOUT', 12, 'User logged out', '::1', '2026-01-12 18:28:42'),
(771, 12, NULL, 'LOGOUT', NULL, NULL, '::1', '2026-01-12 18:28:42'),
(772, 1, 'users', 'LOGIN', 1, 'success', '::1', '2026-01-12 20:40:49'),
(773, 1, 'users', 'LOGIN', 1, '2fa_ok', '::1', '2026-01-12 20:40:52'),
(774, 1, 'messages', 'INSERT', 25, 'Message sent to User ID: 2', '::1', '2026-01-12 20:41:09'),
(775, 1, 'documents', '', 1, 'Generated appointments report (Export ID: CHMC-APP-1-2601122045)', '::1', '2026-01-12 20:45:15'),
(776, 1, 'users', 'LOGOUT', 1, 'User logged out', '::1', '2026-01-12 20:46:53'),
(777, 1, NULL, 'LOGOUT', NULL, NULL, '::1', '2026-01-12 20:46:53'),
(778, 2, 'users', 'LOGIN', 2, 'success', '::1', '2026-01-12 20:47:01'),
(779, 2, 'users', 'LOGIN', 2, '2fa_ok', '::1', '2026-01-12 20:47:04'),
(780, 2, 'documents', '', 2, 'Generated consultations report (Export ID: CHMC-CON-2-2601122048)', '::1', '2026-01-12 20:48:46'),
(781, 2, 'users', 'LOGOUT', 2, 'User logged out', '::1', '2026-01-12 20:50:30'),
(782, 2, NULL, 'LOGOUT', NULL, NULL, '::1', '2026-01-12 20:50:30'),
(783, 3, 'users', 'LOGIN', 3, 'success', '::1', '2026-01-12 21:09:24'),
(784, 3, 'users', 'LOGIN', 3, '2fa_ok', '::1', '2026-01-12 21:09:31'),
(785, 3, 'schedule', 'UPDATE', 3, 'Updated schedule for user ID 3', '::1', '2026-01-12 21:10:27'),
(786, 3, 'queue', 'INSERT', 2, 'Patient checked in to queue', '::1', '2026-01-12 21:11:47'),
(787, 3, 'appointment', 'UPDATE', 2, 'Appointment status changed to cancelled', '::1', '2026-01-12 21:12:18'),
(788, 3, 'schedule', 'UPDATE', 3, 'Updated schedule for user ID 3', '::1', '2026-01-12 21:22:54'),
(789, 3, 'messages', 'INSERT', 26, 'Message sent to User ID: 12', '::1', '2026-01-12 21:23:54'),
(790, 3, 'users', 'LOGOUT', 3, 'User logged out', '::1', '2026-01-12 21:25:15'),
(791, 3, NULL, 'LOGOUT', NULL, NULL, '::1', '2026-01-12 21:25:15'),
(792, 12, 'users', 'LOGIN', 12, 'success', '::1', '2026-01-12 21:25:20'),
(793, 12, 'users', 'LOGIN', 12, '2fa_ok', '::1', '2026-01-12 21:25:25'),
(794, 12, 'users', 'LOGOUT', 12, 'User logged out', '::1', '2026-01-12 21:40:08'),
(795, 12, NULL, 'LOGOUT', NULL, NULL, '::1', '2026-01-12 21:40:08'),
(796, 3, 'users', 'LOGIN', 3, 'success', '::1', '2026-01-12 21:56:28'),
(797, 3, 'users', 'LOGIN', 3, '2fa_ok', '::1', '2026-01-12 21:56:34'),
(798, 3, 'users', 'LOGOUT', 3, 'User logged out', '::1', '2026-01-12 22:16:27'),
(799, 3, NULL, 'LOGOUT', NULL, NULL, '::1', '2026-01-12 22:16:27'),
(800, 3, 'users', 'LOGIN', 3, 'success', '::1', '2026-01-12 22:28:59'),
(801, 3, 'users', 'LOGIN', 3, '2fa_ok', '::1', '2026-01-12 22:29:06'),
(802, 3, 'laboratory_test', '', 1, 'New lab test order (Blood Typing, Pregnancy Test) created.', '::1', '2026-01-12 22:29:25'),
(803, 3, 'schedule', 'UPDATE', 3, 'Updated schedule for user ID 3', '::1', '2026-01-12 22:29:55'),
(804, 3, 'schedule', 'UPDATE', 3, 'Updated schedule for user ID 3', '::1', '2026-01-12 22:30:02'),
(805, 3, 'schedule', 'UPDATE', 15, 'Updated schedule for user ID 15', '::1', '2026-01-12 22:30:15'),
(806, 3, 'users', 'LOGOUT', 3, 'User logged out', '::1', '2026-01-12 22:54:30'),
(807, 3, NULL, 'LOGOUT', NULL, NULL, '::1', '2026-01-12 22:54:30'),
(808, 2, 'users', 'LOGIN', 2, 'success', '::1', '2026-01-12 22:54:36'),
(809, 2, 'users', 'LOGIN', 2, '2fa_ok', '::1', '2026-01-12 22:54:40'),
(810, 2, 'messages', 'INSERT', 27, 'Message sent to User ID: 19', '::1', '2026-01-12 22:54:58'),
(811, 2, 'users', 'LOGOUT', 2, 'User logged out', '::1', '2026-01-12 22:57:37'),
(812, 2, NULL, 'LOGOUT', NULL, NULL, '::1', '2026-01-12 22:57:37'),
(813, 1, 'users', 'LOGIN', 1, 'success', '::1', '2026-01-12 22:58:00'),
(814, 1, 'users', 'LOGIN', 1, '2fa_ok', '::1', '2026-01-12 22:58:04'),
(815, 1, 'users', 'LOGOUT', 1, 'User logged out', '::1', '2026-01-12 23:04:29'),
(816, 1, NULL, 'LOGOUT', NULL, NULL, '::1', '2026-01-12 23:04:29'),
(817, 12, 'users', 'LOGIN', 12, 'success', '::1', '2026-01-12 23:04:37'),
(818, 12, 'users', 'LOGIN', 12, '2fa_ok', '::1', '2026-01-12 23:04:43'),
(819, 12, 'users', 'LOGOUT', 12, 'User logged out', '::1', '2026-01-12 23:20:25'),
(820, 12, NULL, 'LOGOUT', NULL, NULL, '::1', '2026-01-12 23:20:25'),
(821, 1, 'users', 'LOGIN', 1, 'success', '::1', '2026-01-12 23:20:49'),
(822, 1, 'users', 'LOGIN', 1, '2fa_ok', '::1', '2026-01-12 23:20:52'),
(823, 1, 'users', 'LOGIN', 1, 'success', '::1', '2026-01-14 14:25:28'),
(824, 1, 'users', 'LOGIN', 1, '2fa_ok', '::1', '2026-01-14 14:25:32'),
(825, 1, 'users', 'UPDATE', 1, 'User updated: {\"first_name\":\"System\",\"last_name\":\"Administrator\",\"email\":\"espino.jamesbryant20+admin@gmail.com\",\"role\":\"admin\",\"gender\":\"Male\",\"dob\":\"2001-01-01\",\"contact_number\":\"\",\"address\":\"\",\"identification_number\":\"\",\"occupation\":\"\",\"city\":\"\",\"province\":\"\"}', '::1', '2026-01-14 14:26:42'),
(826, 1, 'system_settings', 'UPDATE', NULL, 'Updated System Settings: Name=\'MatriFlow - CHMC\', Email=\'\'', '::1', '2026-01-14 15:19:20'),
(827, 1, 'users', 'LOGOUT', 1, 'User logged out', '::1', '2026-01-14 15:19:32'),
(828, 1, NULL, 'LOGOUT', NULL, NULL, '::1', '2026-01-14 15:19:32'),
(829, 2, 'users', 'LOGIN', 2, 'success', '::1', '2026-01-14 15:19:42'),
(830, 2, 'users', 'LOGIN', 2, '2fa_ok', '::1', '2026-01-14 15:19:50'),
(831, 2, 'users', 'LOGOUT', 2, 'User logged out', '::1', '2026-01-14 15:32:46'),
(832, 2, NULL, 'LOGOUT', NULL, NULL, '::1', '2026-01-14 15:32:46'),
(833, 2, 'users', 'LOGIN', 2, 'success', '::1', '2026-01-14 15:55:49'),
(834, 2, 'users', 'LOGIN', 2, '2fa_ok', '::1', '2026-01-14 15:55:54'),
(835, 2, 'pregnancies', 'INSERT', 21, 'New pregnancy episode started for user ID 19', '::1', '2026-01-14 16:06:33'),
(836, 3, 'users', 'LOGIN', 3, 'success', '::1', '2026-01-14 16:10:24'),
(837, 3, 'users', 'LOGIN', 3, '2fa_ok', '::1', '2026-01-14 16:10:27'),
(838, 3, 'appointment', 'INSERT', 7, 'Staff scheduled appointment for patient #12', '::1', '2026-01-14 16:11:00'),
(839, 3, 'appointment', 'UPDATE', 7, 'Appointment edited', '::1', '2026-01-14 16:11:16'),
(840, 3, 'appointment', 'INSERT', 8, 'Staff scheduled appointment for patient #12', '::1', '2026-01-14 16:11:34'),
(841, 3, 'appointment', 'UPDATE', 8, 'Appointment edited', '::1', '2026-01-14 16:11:54'),
(842, 3, 'appointment', 'UPDATE', 8, 'Appointment status changed to scheduled', '::1', '2026-01-14 16:11:56'),
(843, 3, 'queue', 'INSERT', 8, 'Patient checked in to queue', '::1', '2026-01-14 16:12:04'),
(844, 2, 'patient_queue', 'UPDATE', 1, 'Started consultation for queue item #1', '::1', '2026-01-14 16:13:53'),
(845, 2, 'patient_queue', 'UPDATE', 1, 'Finished consultation for queue item #1', '::1', '2026-01-14 16:14:10'),
(846, 3, 'appointment', 'INSERT', 9, 'Staff scheduled appointment for patient #12', '::1', '2026-01-14 16:14:42'),
(847, 3, 'queue', 'INSERT', 9, 'Patient checked in to queue', '::1', '2026-01-14 16:14:49'),
(848, 2, 'patient_queue', 'UPDATE', 2, 'Marked queue item #2 as no-show', '::1', '2026-01-14 16:15:19'),
(849, 2, 'documents', '', 10, 'file_uploaded', '::1', '2026-01-14 16:17:35'),
(850, 2, 'users', 'LOGOUT', 2, 'User logged out', '::1', '2026-01-14 16:20:42'),
(851, 2, NULL, 'LOGOUT', NULL, NULL, '::1', '2026-01-14 16:20:42'),
(852, 3, 'appointment', 'INSERT', 10, 'Staff scheduled appointment for patient #16', '::1', '2026-01-14 16:23:13'),
(853, 3, 'appointment', 'INSERT', 11, 'Staff scheduled appointment for patient #12', '::1', '2026-01-14 16:23:34'),
(854, 3, 'appointment', 'UPDATE', 10, 'Appointment edited', '::1', '2026-01-14 16:23:41'),
(855, 3, 'queue', 'INSERT', 11, 'Patient checked in to queue', '::1', '2026-01-14 16:23:52'),
(856, 3, 'appointment', 'UPDATE', 11, 'Appointment status changed to cancelled', '::1', '2026-01-14 16:24:06'),
(857, 3, 'appointment', 'UPDATE', 10, 'Appointment edited', '::1', '2026-01-14 16:26:16'),
(858, 3, 'prenatal_observations', 'INSERT', 2, 'Prenatal observation recorded', '::1', '2026-01-14 16:29:37'),
(859, 3, 'prenatal_observations', 'INSERT', 3, 'Prenatal observation recorded', '::1', '2026-01-14 16:29:42'),
(860, 3, 'prenatal_observations', 'INSERT', 4, 'Prenatal observation recorded', '::1', '2026-01-14 16:29:45'),
(861, 3, 'schedule', 'UPDATE', 2, 'Updated schedule for user ID 2', '::1', '2026-01-14 16:33:14'),
(862, 3, 'users', 'LOGOUT', 3, 'User logged out', '::1', '2026-01-14 16:39:17'),
(863, 3, NULL, 'LOGOUT', NULL, NULL, '::1', '2026-01-14 16:39:17'),
(864, 12, 'users', 'LOGIN', 12, 'success', '::1', '2026-01-14 16:39:56'),
(865, 12, 'users', 'LOGIN', 12, '2fa_ok', '::1', '2026-01-14 16:40:00'),
(866, 12, 'documents', '', 13, 'file_uploaded', '::1', '2026-01-14 16:43:39'),
(867, 12, 'users', 'LOGOUT', 12, 'User logged out', '::1', '2026-01-14 16:45:38'),
(868, 12, NULL, 'LOGOUT', NULL, NULL, '::1', '2026-01-14 16:45:38'),
(869, 1, 'users', 'LOGIN', 1, 'success', '::1', '2026-01-14 18:15:23'),
(870, 1, 'users', 'LOGIN', 1, '2fa_ok', '::1', '2026-01-14 18:15:29'),
(871, 2, 'users', 'LOGIN', 2, 'success', '::1', '2026-01-14 18:21:43'),
(872, 2, 'users', 'LOGIN', 2, '2fa_ok', '::1', '2026-01-14 18:21:54'),
(873, 1, 'users', 'LOGOUT', 1, 'User logged out', '::1', '2026-01-14 18:41:30'),
(874, 1, NULL, 'LOGOUT', NULL, NULL, '::1', '2026-01-14 18:41:30'),
(875, 2, 'users', 'LOGOUT', 2, 'User logged out', '::1', '2026-01-14 18:45:32'),
(876, 2, NULL, 'LOGOUT', NULL, NULL, '::1', '2026-01-14 18:45:32'),
(877, 3, 'users', 'LOGIN', 3, 'success', '::1', '2026-01-14 18:48:51'),
(878, 3, 'users', 'LOGIN', 3, '2fa_ok', '::1', '2026-01-14 18:49:08'),
(879, 3, 'users', 'LOGOUT', 3, 'User logged out', '::1', '2026-01-14 18:51:33'),
(880, 3, NULL, 'LOGOUT', NULL, NULL, '::1', '2026-01-14 18:51:33'),
(881, 3, 'users', 'LOGIN', 3, 'success', '::1', '2026-01-14 18:55:17'),
(882, 3, 'users', 'LOGIN', 3, '2fa_ok', '::1', '2026-01-14 18:55:31'),
(883, 3, 'users', 'LOGOUT', 3, 'User logged out', '::1', '2026-01-14 18:58:17'),
(884, 3, NULL, 'LOGOUT', NULL, NULL, '::1', '2026-01-14 18:58:17'),
(885, 1, 'users', 'LOGIN', 1, 'success', '::1', '2026-01-14 18:58:23'),
(886, 1, 'users', 'LOGIN', 1, '2fa_ok', '::1', '2026-01-14 18:58:28'),
(887, 1, 'users', 'LOGOUT', 1, 'User logged out', '::1', '2026-01-14 19:00:30'),
(888, 1, NULL, 'LOGOUT', NULL, NULL, '::1', '2026-01-14 19:00:30'),
(889, 2, 'users', 'LOGIN', 2, 'success', '::1', '2026-01-14 19:00:35'),
(890, 2, 'users', 'LOGIN', 2, '2fa_ok', '::1', '2026-01-14 19:00:41'),
(891, 2, 'users', 'LOGOUT', 2, 'User logged out', '::1', '2026-01-14 19:22:45'),
(892, 2, NULL, 'LOGOUT', NULL, NULL, '::1', '2026-01-14 19:22:45'),
(893, 1, 'users', 'LOGIN', 1, 'success', '::1', '2026-01-14 19:57:41'),
(894, 1, 'users', 'LOGIN', 1, '2fa_ok', '::1', '2026-01-14 19:57:51'),
(895, 1, 'documents', 'INSERT', 14, 'Generated report: CHMC-REP-20260114200140-1449.pdf', '::1', '2026-01-14 20:01:41'),
(896, 1, 'documents', 'INSERT', 15, 'Generated report: CHMC-REP-20260114200250-DDA1.pdf', '::1', '2026-01-14 20:02:51'),
(897, 2, 'users', 'LOGIN', 2, 'success', '::1', '2026-01-14 20:07:59'),
(898, 2, 'users', 'LOGIN', 2, '2fa_failed', '::1', '2026-01-14 20:08:17'),
(899, 2, 'users', 'LOGIN', 2, '2fa_ok', '::1', '2026-01-14 20:08:25'),
(900, 2, 'documents', 'INSERT', 16, 'Generated report: CHMC-REP-20260114200908-6B08.pdf', '::1', '2026-01-14 20:09:09'),
(901, 2, 'users', 'LOGOUT', 2, 'User logged out', '::1', '2026-01-14 20:10:41'),
(902, 2, NULL, 'LOGOUT', NULL, NULL, '::1', '2026-01-14 20:10:41'),
(903, 3, 'users', 'LOGIN', 3, 'success', '::1', '2026-01-14 20:10:47'),
(904, 3, 'users', 'LOGIN', 3, '2fa_ok', '::1', '2026-01-14 20:10:52'),
(905, 3, 'documents', 'INSERT', 17, 'Generated report: CHMC-REP-20260114201109-FD90.pdf', '::1', '2026-01-14 20:11:09'),
(906, 3, 'users', 'LOGOUT', 3, 'User logged out', '::1', '2026-01-14 20:11:53'),
(907, 3, NULL, 'LOGOUT', NULL, NULL, '::1', '2026-01-14 20:11:53'),
(908, 12, 'users', 'LOGIN', 12, 'success', '::1', '2026-01-14 20:14:55'),
(909, 12, 'users', 'LOGIN', 12, '2fa_ok', '::1', '2026-01-14 20:15:15'),
(910, 12, 'users', 'LOGOUT', 12, 'User logged out', '::1', '2026-01-14 20:16:23'),
(911, 12, NULL, 'LOGOUT', NULL, NULL, '::1', '2026-01-14 20:16:23'),
(912, 1, 'users', 'LOGOUT', 1, 'User logged out', '::1', '2026-01-14 20:43:57'),
(913, 1, NULL, 'LOGOUT', NULL, NULL, '::1', '2026-01-14 20:43:57'),
(914, 12, 'users', 'LOGIN', 12, 'success', '::1', '2026-01-14 22:19:00'),
(915, 12, 'users', 'LOGIN', 12, '2fa_ok', '::1', '2026-01-14 22:19:07'),
(916, 12, 'users', 'LOGOUT', 12, 'User logged out', '::1', '2026-01-14 22:19:26'),
(917, 12, NULL, 'LOGOUT', NULL, NULL, '::1', '2026-01-14 22:19:26'),
(918, 3, 'users', 'LOGIN', 3, 'success', '::1', '2026-01-14 22:19:31'),
(919, 3, 'users', 'LOGIN', 3, '2fa_ok', '::1', '2026-01-14 22:19:35'),
(920, 3, 'users', 'LOGOUT', 3, 'User logged out', '::1', '2026-01-14 22:20:09'),
(921, 3, NULL, 'LOGOUT', NULL, NULL, '::1', '2026-01-14 22:20:09'),
(922, 12, 'users', 'LOGIN', 12, 'success', '::1', '2026-01-14 22:20:14'),
(923, 12, 'users', 'LOGIN', 12, '2fa_ok', '::1', '2026-01-14 22:20:23'),
(924, 12, 'users', 'LOGOUT', 12, 'User logged out', '::1', '2026-01-14 22:29:34'),
(925, 12, NULL, 'LOGOUT', NULL, NULL, '::1', '2026-01-14 22:29:34'),
(926, 3, 'users', 'LOGIN', 3, 'success', '::1', '2026-01-14 22:29:42'),
(927, 3, 'users', 'LOGIN', 3, '2fa_ok', '::1', '2026-01-14 22:29:57'),
(928, 3, 'users', 'LOGOUT', 3, 'User logged out', '::1', '2026-01-14 23:29:07'),
(929, 1, 'users', 'LOGIN', 1, 'success', '::1', '2026-01-15 10:16:39'),
(930, 1, 'users', 'LOGIN', 1, '2fa_ok', '::1', '2026-01-15 10:16:43'),
(931, 1, 'users', 'LOGOUT', 1, 'User logged out', '::1', '2026-01-15 10:17:10'),
(932, 1, 'users', 'LOGIN', 1, 'success', '::1', '2026-01-15 10:17:16'),
(933, 1, 'users', 'LOGIN', 1, '2fa_ok', '::1', '2026-01-15 10:17:20'),
(934, 1, 'appointment', 'UPDATE', 9, 'Force updated status to no_show', '::1', '2026-01-15 10:24:50'),
(935, 1, 'documents', 'INSERT', 18, 'Generated report: CHMC-REP-20260115102514-41BC.pdf', '::1', '2026-01-15 10:25:15'),
(936, 1, 'users', 'LOGOUT', 1, 'User logged out', '::1', '2026-01-15 11:03:40'),
(937, 1, 'users', 'LOGIN', 1, 'success', '::1', '2026-01-15 11:47:33'),
(938, 1, 'users', 'LOGIN', 1, '2fa_ok', '::1', '2026-01-15 11:47:35'),
(939, 1, 'users', 'LOGOUT', 1, 'User logged out', '::1', '2026-01-15 12:00:21'),
(940, 1, 'users', 'LOGIN', 1, 'success', '::1', '2026-01-15 12:16:22'),
(941, 1, 'users', 'LOGIN', 1, '2fa_ok', '::1', '2026-01-15 12:16:25'),
(942, 1, 'users', 'LOGOUT', 1, 'User logged out', '::1', '2026-01-15 12:27:59'),
(943, 1, 'users', 'LOGIN', 1, 'success', '::1', '2026-01-15 12:40:22'),
(944, 1, 'users', 'LOGIN', 1, '2fa_ok', '::1', '2026-01-15 12:40:25'),
(945, 1, 'users', 'LOGOUT', 1, 'User logged out', '::1', '2026-01-15 13:04:23'),
(946, 1, 'users', 'LOGIN', 1, 'success', '::1', '2026-01-15 13:05:06'),
(947, 1, 'users', 'LOGIN', 1, '2fa_ok', '::1', '2026-01-15 13:05:09'),
(948, 1, 'users', 'LOGOUT', 1, 'User logged out', '::1', '2026-01-15 13:31:52'),
(949, 1, 'users', 'LOGIN', 1, 'success', '::1', '2026-01-15 13:37:34'),
(950, 1, 'users', 'LOGIN', 1, '2fa_ok', '::1', '2026-01-15 13:37:36'),
(951, 1, 'users', 'INSERT', 21, 'New user created: erg (patient)', '::1', '2026-01-15 13:39:38'),
(952, 1, 'users', 'UPDATE', 21, 'User status toggled to Inactive', '::1', '2026-01-15 13:39:55'),
(953, 1, 'users', 'UPDATE', 21, 'User status toggled to Active', '::1', '2026-01-15 13:39:59'),
(954, 1, 'users', 'LOGOUT', 1, 'User logged out', '::1', '2026-01-15 13:50:20'),
(955, 16, 'users', 'LOGIN', 16, 'success', '::1', '2026-01-15 13:50:26'),
(956, 16, 'users', 'LOGIN', 16, 'success', '::1', '2026-01-15 13:52:03'),
(957, 16, 'users', 'LOGIN', 16, 'success', '::1', '2026-01-15 15:34:02'),
(958, 16, 'users', 'LOGIN', 16, 'success', '::1', '2026-01-15 16:18:59'),
(959, 2, 'users', 'LOGIN', 2, 'success', '::1', '2026-01-15 16:33:44'),
(960, 2, 'users', 'LOGIN', 2, '2fa_ok', '::1', '2026-01-15 16:33:48'),
(961, 2, 'users', 'LOGOUT', 2, 'User logged out', '::1', '2026-01-15 16:41:54'),
(962, 16, 'users', 'LOGIN', 16, 'success', '::1', '2026-01-15 16:42:04'),
(963, 16, 'users', 'LOGIN', 16, 'success', '::1', '2026-01-15 16:43:03'),
(964, 2, 'users', 'LOGIN', 2, 'success', '::1', '2026-01-15 16:47:37'),
(965, 2, 'users', 'LOGIN', 2, '2fa_ok', '::1', '2026-01-15 16:47:43'),
(966, 2, 'users', 'LOGOUT', 2, 'User logged out', '::1', '2026-01-15 16:50:38'),
(967, 1, 'users', 'LOGIN', 1, 'success', '::1', '2026-01-15 16:50:43'),
(968, 1, 'users', 'LOGIN', 1, '2fa_ok', '::1', '2026-01-15 16:50:47'),
(969, 1, 'users', 'LOGOUT', 1, 'User logged out', '::1', '2026-01-15 16:50:53'),
(970, 2, 'users', 'LOGIN', 2, 'success', '::1', '2026-01-15 16:50:58'),
(971, 2, 'users', 'LOGIN', 2, '2fa_ok', '::1', '2026-01-15 16:51:01'),
(972, 2, 'users', 'LOGOUT', 2, 'User logged out', '::1', '2026-01-15 16:51:06'),
(973, 16, 'users', 'LOGIN', 16, 'success', '::1', '2026-01-15 16:58:51'),
(974, 2, 'users', 'LOGIN', 2, 'success', '::1', '2026-01-15 17:05:07'),
(975, 2, 'users', 'LOGIN', 2, '2fa_ok', '::1', '2026-01-15 17:05:10'),
(976, 2, 'users', 'LOGOUT', 2, 'User logged out', '::1', '2026-01-15 17:17:41'),
(977, 1, 'users', 'LOGIN', 1, 'success', '::1', '2026-01-15 17:17:48'),
(978, 1, 'users', 'LOGIN', 1, '2fa_ok', '::1', '2026-01-15 17:17:51'),
(979, 1, 'users', 'LOGOUT', 1, 'User logged out', '::1', '2026-01-15 17:25:14'),
(980, 12, 'users', 'LOGIN', 12, 'success', '::1', '2026-01-15 20:30:14'),
(981, 12, 'users', 'LOGIN', 12, '2fa_ok', '::1', '2026-01-15 20:30:22'),
(982, 12, 'users', 'LOGOUT', 12, 'User logged out', '::1', '2026-01-15 20:37:22'),
(983, 3, 'users', 'LOGIN', 3, 'success', '::1', '2026-01-15 20:37:28'),
(984, 3, 'users', 'LOGIN', 3, '2fa_ok', '::1', '2026-01-15 20:37:32'),
(985, 3, 'laboratory_test', '', 2, 'New lab test order (Ultrasound) created.', '::1', '2026-01-15 20:39:43'),
(986, 1, 'users', 'LOGIN', 1, 'success', '::1', '2026-01-17 17:11:43'),
(987, 1, 'users', 'LOGIN', 1, '2fa_ok', '::1', '2026-01-17 17:11:46'),
(988, 1, 'documents', 'INSERT', 20, 'Generated report: CHMC-REP-20260117171836-9840.pdf', '::1', '2026-01-17 17:18:37'),
(989, 1, 'documents', 'INSERT', 21, 'Generated report: CHMC-REP-20260117171849-6D72.pdf', '::1', '2026-01-17 17:18:50'),
(990, 1, 'users', 'LOGOUT', 1, 'User logged out', '::1', '2026-01-17 17:21:23'),
(991, 2, 'users', 'LOGIN', 2, 'success', '::1', '2026-01-17 17:21:32'),
(992, 2, 'users', 'LOGIN', 2, '2fa_ok', '::1', '2026-01-17 17:21:36'),
(993, 2, 'patient_queue', 'UPDATE', 3, 'Started consultation for queue item #3', '::1', '2026-01-17 17:36:25'),
(994, 2, 'consultation', 'INSERT', 12, 'clinical_consultation_saved', '::1', '2026-01-17 17:36:55'),
(995, 2, 'users', 'LOGOUT', 2, 'User logged out', '::1', '2026-01-17 18:13:15'),
(996, 2, 'users', 'LOGIN', 2, 'success', '::1', '2026-01-17 18:28:45'),
(997, 2, 'users', 'LOGIN', 2, '2fa_ok', '::1', '2026-01-17 18:28:49'),
(998, 2, 'patient_queue', 'UPDATE', 3, 'Finished consultation for queue item #3', '::1', '2026-01-17 18:29:14'),
(999, 2, 'users', 'LOGOUT', 2, 'User logged out', '::1', '2026-01-17 18:30:43'),
(1000, 3, 'users', 'LOGIN', 3, 'success', '::1', '2026-01-17 18:47:00'),
(1001, 3, 'users', 'LOGIN', 3, '2fa_ok', '::1', '2026-01-17 18:47:04'),
(1002, 3, 'queue', 'INSERT', 1, 'Patient checked in to queue', '::1', '2026-01-17 18:47:39'),
(1003, 3, 'users', 'LOGOUT', 3, 'User logged out', '::1', '2026-01-17 18:52:19'),
(1004, 12, 'users', 'LOGIN', 12, 'success', '::1', '2026-01-17 18:53:12'),
(1005, 12, 'users', 'LOGIN', 12, 'success', '::1', '2026-01-17 18:56:25'),
(1006, 12, 'users', 'LOGIN', 12, '2fa_ok', '::1', '2026-01-17 18:56:30'),
(1007, 12, 'users', 'LOGOUT', 12, 'User logged out', '::1', '2026-01-17 19:20:16'),
(1008, 22, 'users', 'INSERT', 22, 'patient_registration', '::1', '2026-01-17 20:51:46'),
(1009, 22, 'users', 'UPDATE', 22, 'patient_profile_merged', '::1', '2026-01-17 20:51:46'),
(1010, 22, 'users', 'LOGIN', 22, 'success', '::1', '2026-01-17 20:52:38'),
(1011, 1, 'users', 'LOGIN', 1, 'success', '::1', '2026-01-17 21:16:16'),
(1012, 1, 'users', 'LOGIN', 1, '2fa_ok', '::1', '2026-01-17 21:16:23'),
(1013, 1, 'users', 'UPDATE', 22, 'User status toggled to Inactive', '::1', '2026-01-17 21:16:38'),
(1014, 1, 'users', 'LOGOUT', 1, 'User logged out', '::1', '2026-01-17 21:39:11'),
(1015, 12, 'users', 'LOGIN', 12, 'success', '::1', '2026-01-17 21:39:19'),
(1016, 12, 'users', 'LOGIN', 12, '2fa_ok', '::1', '2026-01-17 21:39:22'),
(1017, 12, 'users', 'LOGOUT', 12, 'User logged out', '::1', '2026-01-17 21:47:39'),
(1018, NULL, 'users', 'LOGIN', 23, 'User logged in', '', '2026-01-17 22:08:31'),
(1019, NULL, 'users', 'LOGIN', 24, 'User logged in', '', '2026-01-17 22:08:58'),
(1020, 12, 'users', 'LOGIN', 12, 'success', '::1', '2026-01-17 23:08:54'),
(1021, 12, 'users', 'LOGIN', 12, '2fa_ok', '::1', '2026-01-17 23:09:00'),
(1022, 12, 'users', 'LOGOUT', 12, 'User logged out', '::1', '2026-01-17 23:24:37'),
(1023, 1, 'users', 'LOGIN', 1, 'success', '::1', '2026-01-18 16:13:23'),
(1024, 1, 'users', 'LOGIN', 1, '2fa_ok', '::1', '2026-01-18 16:13:25'),
(1025, 1, 'appointment', 'UPDATE', 1, 'Force updated status to no_show', '::1', '2026-01-18 16:13:59'),
(1026, 1, 'users', 'LOGOUT', 1, 'User logged out', '::1', '2026-01-18 16:15:03'),
(1027, 2, 'users', 'LOGIN', 2, 'success', '::1', '2026-01-18 16:15:08'),
(1028, 2, 'users', 'LOGIN', 2, '2fa_ok', '::1', '2026-01-18 16:15:12'),
(1029, 2, 'patient_queue', 'UPDATE', 4, 'Marked queue item #4 as no_show', '::1', '2026-01-18 16:16:36'),
(1030, 2, 'users', 'LOGOUT', 2, 'User logged out', '::1', '2026-01-18 16:17:09'),
(1031, 12, 'users', 'LOGIN', 12, 'success', '::1', '2026-01-18 16:17:16'),
(1032, 12, 'users', 'LOGIN', 12, '2fa_ok', '::1', '2026-01-18 16:17:18'),
(1033, 12, 'users', 'LOGOUT', 12, 'User logged out', '::1', '2026-01-18 16:18:51'),
(1034, 3, 'users', 'LOGIN', 3, 'success', '::1', '2026-01-18 16:18:56'),
(1035, 3, 'users', 'LOGIN', 3, '2fa_ok', '::1', '2026-01-18 16:18:59'),
(1036, 3, 'users', 'LOGOUT', 3, 'User logged out', '::1', '2026-01-18 16:23:27'),
(1037, 1, 'users', 'LOGIN', 1, 'success', '::1', '2026-01-18 16:23:32'),
(1038, 1, 'users', 'LOGIN', 1, '2fa_ok', '::1', '2026-01-18 16:23:35'),
(1039, 1, 'billing', 'UPDATE', 3, 'Voided/Refunded Invoice', '::1', '2026-01-18 16:23:47'),
(1040, 1, 'users', 'LOGOUT', 1, 'User logged out', '::1', '2026-01-18 16:25:35'),
(1041, 2, 'users', 'LOGIN', 2, 'success', '::1', '2026-01-18 16:25:41'),
(1042, 2, 'users', 'LOGIN', 2, '2fa_ok', '::1', '2026-01-18 16:25:43'),
(1043, 2, 'users', 'LOGOUT', 2, 'User logged out', '::1', '2026-01-18 16:26:41'),
(1044, 3, 'users', 'LOGIN', 3, 'success', '::1', '2026-01-18 16:26:46'),
(1045, 3, 'users', 'LOGIN', 3, '2fa_ok', '::1', '2026-01-18 16:26:49'),
(1046, 3, 'users', 'LOGOUT', 3, 'User logged out', '::1', '2026-01-18 16:27:41'),
(1047, 1, 'users', 'LOGIN', 1, 'success', '::1', '2026-01-18 16:27:47'),
(1048, 1, 'users', 'LOGIN', 1, '2fa_ok', '::1', '2026-01-18 16:27:49'),
(1049, 1, 'billing', 'UPDATE', 3, 'Voided Invoice', '::1', '2026-01-18 16:35:58'),
(1050, 1, 'documents', 'INSERT', 23, 'Generated automated invoice: Invoice_2_20260118163617.pdf', '::1', '2026-01-18 16:36:17'),
(1051, 1, 'billing', 'UPDATE', 2, 'Refunded Payment', '::1', '2026-01-18 16:38:21'),
(1052, 1, 'users', 'LOGOUT', 1, 'User logged out', '::1', '2026-01-18 16:39:06'),
(1053, 3, 'users', 'LOGIN', 3, 'success', '::1', '2026-01-18 16:39:12'),
(1054, 3, 'users', 'LOGIN', 3, '2fa_ok', '::1', '2026-01-18 16:39:17'),
(1055, 3, 'documents', 'INSERT', 24, 'Generated report: CHMC-REP-20260118163953-2B84.pdf', '::1', '2026-01-18 16:39:54'),
(1056, 3, 'billing', 'UPDATE', 2, 'Refunded Payment', '::1', '2026-01-18 16:40:21'),
(1057, 3, 'documents', 'INSERT', 25, 'Generated report: CHMC-REP-20260118164039-5409.pdf', '::1', '2026-01-18 16:40:40'),
(1058, 3, 'documents', 'INSERT', 26, 'Generated report: CHMC-REP-20260118164049-AA46.pdf', '::1', '2026-01-18 16:40:50'),
(1059, 3, 'users', 'LOGOUT', 3, 'User logged out', '::1', '2026-01-18 16:44:12'),
(1060, 2, 'users', 'LOGIN', 2, 'success', '::1', '2026-01-18 16:44:18'),
(1061, 2, 'users', 'LOGIN', 2, '2fa_ok', '::1', '2026-01-18 16:44:21'),
(1062, 2, 'users', 'LOGOUT', 2, 'User logged out', '::1', '2026-01-18 16:56:17'),
(1063, 1, 'users', 'LOGIN', 1, 'success', '::1', '2026-01-18 19:40:00'),
(1064, 1, 'users', 'LOGIN', 1, '2fa_ok', '::1', '2026-01-18 19:40:03'),
(1065, 1, 'documents', 'INSERT', 27, 'Generated automated invoice: Invoice_6_20260118195514.pdf', '::1', '2026-01-18 19:55:14'),
(1066, 1, 'users', 'LOGOUT', 1, 'User logged out', '::1', '2026-01-18 20:11:42'),
(1067, 12, 'users', 'LOGIN', 12, 'success', '::1', '2026-01-18 22:34:26'),
(1068, 12, 'users', 'LOGIN', 12, '2fa_ok', '::1', '2026-01-18 22:34:29');

-- --------------------------------------------------------

--
-- Table structure for table `billing`
--

CREATE TABLE `billing` (
  `billing_id` int(11) NOT NULL,
  `user_id` int(11) NOT NULL,
  `hmo_provider_id` int(11) DEFAULT NULL,
  `hmo_claim_status` enum('none','submitted','approved','rejected','paid') DEFAULT 'none',
  `hmo_claim_reference` varchar(100) DEFAULT NULL,
  `hmo_claim_amount` decimal(10,2) DEFAULT NULL,
  `consultation_id` int(11) DEFAULT NULL,
  `service_description` varchar(255) DEFAULT NULL,
  `amount_due` decimal(10,2) NOT NULL,
  `billing_status` enum('unpaid','paid','partial','refunded','voided','refund_requested') NOT NULL DEFAULT 'unpaid',
  `due_date` date DEFAULT NULL,
  `amount_paid` decimal(10,2) DEFAULT 0.00,
  `payment_method` varchar(50) DEFAULT NULL,
  `transaction_reference` varchar(100) DEFAULT NULL,
  `paid_at` datetime DEFAULT NULL,
  `recorded_by_user_id` int(11) DEFAULT NULL,
  `payment_notes` varchar(255) DEFAULT NULL,
  `created_at` datetime NOT NULL DEFAULT current_timestamp(),
  `updated_at` datetime NOT NULL DEFAULT current_timestamp() ON UPDATE current_timestamp()
) ENGINE=InnoDB DEFAULT CHARSET=utf8mb4 COLLATE=utf8mb4_unicode_ci;

--
-- Dumping data for table `billing`
--

INSERT INTO `billing` (`billing_id`, `user_id`, `hmo_provider_id`, `hmo_claim_status`, `hmo_claim_reference`, `hmo_claim_amount`, `consultation_id`, `service_description`, `amount_due`, `billing_status`, `due_date`, `amount_paid`, `payment_method`, `transaction_reference`, `paid_at`, `recorded_by_user_id`, `payment_notes`, `created_at`, `updated_at`) VALUES
(1, 12, NULL, 'none', NULL, NULL, NULL, 'Gynecology', 2500.00, 'unpaid', '2026-01-21', 0.00, NULL, NULL, NULL, NULL, NULL, '2026-01-14 23:01:24', '2026-01-18 16:45:14'),
(2, 12, NULL, 'none', NULL, NULL, NULL, 'Laboratory Test: Ultrasound', 150.00, 'refunded', '2026-01-22', 0.00, NULL, NULL, NULL, NULL, NULL, '2026-01-15 20:39:43', '2026-01-18 16:40:21'),
(3, 12, NULL, 'none', NULL, NULL, 1, 'In-clinic OB-GYN Consultation Fee', 0.00, 'voided', '2026-01-24', 0.00, NULL, NULL, NULL, NULL, NULL, '2026-01-17 17:36:55', '2026-01-18 16:35:58'),
(5, 1, NULL, 'none', NULL, NULL, NULL, 'Test Service', 1000.00, 'paid', '2026-01-18', 1000.00, 'gcash', 'REF2', '2026-01-18 17:55:15', NULL, '[2026-01-18 17:55] Paid 500.00 via cash (Ref: REF1)\n[2026-01-18 17:55] Paid 600.00 via gcash (Ref: REF2)', '2026-01-18 17:55:15', '2026-01-18 19:51:34'),
(6, 1, NULL, 'none', NULL, NULL, NULL, 'Test Overpayment', 1000.00, 'partial', '2026-01-25', 500.00, 'cash', 'TEST-PARTIAL', '2026-01-18 19:45:22', NULL, '[2026-01-18 19:45] Paid 500.00 via cash (Ref: TEST-PARTIAL)', '2026-01-18 19:45:22', '2026-01-18 19:45:22');

-- --------------------------------------------------------

--
-- Table structure for table `consultation`
--

CREATE TABLE `consultation` (
  `consultation_id` int(11) NOT NULL,
  `user_id` int(11) NOT NULL,
  `consultation_type` varchar(50) DEFAULT 'General',
  `doctor_user_id` int(11) NOT NULL,
  `appointment_id` int(11) DEFAULT NULL,
  `subjective_notes` text DEFAULT NULL,
  `objective_notes` text DEFAULT NULL,
  `assessment` text DEFAULT NULL,
  `plan` text DEFAULT NULL,
  `created_at` datetime DEFAULT NULL,
  `pregnancy_id` int(11) DEFAULT NULL
) ENGINE=InnoDB DEFAULT CHARSET=utf8mb4 COLLATE=utf8mb4_unicode_ci;

--
-- Dumping data for table `consultation`
--

INSERT INTO `consultation` (`consultation_id`, `user_id`, `consultation_type`, `doctor_user_id`, `appointment_id`, `subjective_notes`, `objective_notes`, `assessment`, `plan`, `created_at`, `pregnancy_id`) VALUES
(1, 12, 'general', 2, NULL, 's gsr', 'sd fesf', 'sd fsef', 'sd fse f', '2026-01-17 17:36:55', NULL);

-- --------------------------------------------------------

--
-- Table structure for table `documents`
--

CREATE TABLE `documents` (
  `document_id` int(11) NOT NULL,
  `uploader_user_id` int(11) NOT NULL,
  `user_id` int(11) DEFAULT NULL,
  `file_name` varchar(255) NOT NULL,
  `file_path` varchar(255) NOT NULL,
  `file_type` varchar(100) DEFAULT NULL,
  `file_size` int(11) DEFAULT NULL,
  `category` enum('lab_result','prescription','identification','phr','other') DEFAULT 'other',
  `description` text DEFAULT NULL,
  `uploaded_at` datetime NOT NULL DEFAULT current_timestamp(),
  `deleted_at` datetime DEFAULT NULL
) ENGINE=InnoDB DEFAULT CHARSET=utf8mb4 COLLATE=utf8mb4_unicode_ci;

--
-- Dumping data for table `documents`
--

INSERT INTO `documents` (`document_id`, `uploader_user_id`, `user_id`, `file_name`, `file_path`, `file_type`, `file_size`, `category`, `description`, `uploaded_at`, `deleted_at`) VALUES
(5, 12, 12, 'MP4.pdf', 'storage/documents/doc_69626cee3d4474.75968817.pdf', NULL, NULL, 'other', 'ytest', '2026-01-10 23:14:54', NULL),
(6, 2, 19, 'PatientRecord_19_20260112073844.pdf', 'storage/documents/PatientRecord_19_20260112073844.pdf', NULL, NULL, '', 'Generated Clinical Record', '2026-01-12 07:38:44', NULL),
(7, 2, 19, 'PatientRecord_19_20260112175839.pdf', 'storage/documents/PatientRecord_19_20260112175839.pdf', NULL, NULL, '', 'Generated Clinical Record', '2026-01-12 17:58:39', NULL),
(8, 2, 19, 'PatientRecord_19_20260114160523.pdf', 'storage/uploads/documents/PatientRecord_19_20260114160523.pdf', NULL, NULL, '', 'Generated Clinical Record', '2026-01-14 16:05:23', NULL),
(9, 2, 19, 'PatientRecord_19_20260114160535.pdf', 'storage/uploads/documents/PatientRecord_19_20260114160535.pdf', NULL, NULL, '', 'Generated Clinical Record', '2026-01-14 16:05:35', NULL),
(10, 2, 12, 'Certificate - Espino, James Bryant D.P.pdf', 'storage/uploads/documents/doc_6967511fe6c9e0.03433057.pdf', 'application/pdf', 218848, 'other', 'sfes', '2026-01-14 16:17:35', NULL),
(11, 3, 19, 'PatientRecord_19_20260114163145.pdf', 'storage/uploads/documents/PatientRecord_19_20260114163145.pdf', NULL, NULL, '', 'Generated Clinical Record', '2026-01-14 16:31:45', NULL),
(12, 3, 19, 'PatientRecord_19_20260114163203.pdf', 'storage/uploads/documents/PatientRecord_19_20260114163203.pdf', NULL, NULL, '', 'Generated Clinical Record', '2026-01-14 16:32:03', NULL),
(13, 12, 12, '96c02f6d-2922-4242-b5a5-a0c39a5e231c.jpg', 'storage/uploads/documents/doc_6967573b3a2087.12698911.jpg', 'image/jpeg', 60521, 'lab_result', 'fsd', '2026-01-14 16:43:39', NULL),
(14, 1, NULL, 'CHMC-REP-20260114200140-1449.pdf', 'storage/reports/CHMC-REP-20260114200140-1449.pdf', 'application/pdf', NULL, 'other', 'Generated Report: Appointments, Patient Vitals', '2026-01-14 20:01:41', NULL),
(15, 1, NULL, 'CHMC-REP-20260114200250-DDA1.pdf', 'storage/reports/CHMC-REP-20260114200250-DDA1.pdf', 'application/pdf', NULL, 'other', 'Generated Report: Appointments, Patient Vitals', '2026-01-14 20:02:51', NULL),
(16, 2, NULL, 'CHMC-REP-20260114200908-6B08.pdf', 'storage/reports/CHMC-REP-20260114200908-6B08.pdf', 'application/pdf', NULL, 'other', 'Generated Report: Appointments, Demographics', '2026-01-14 20:09:09', NULL),
(17, 3, NULL, 'CHMC-REP-20260114201109-FD90.pdf', 'storage/reports/CHMC-REP-20260114201109-FD90.pdf', 'application/pdf', NULL, 'other', 'Generated Report: Appointments, Queue Efficiency, Prescriptions, Demographics, Patient Vitals', '2026-01-14 20:11:09', NULL),
(18, 1, NULL, 'CHMC-REP-20260115102514-41BC.pdf', 'storage/reports/CHMC-REP-20260115102514-41BC.pdf', 'application/pdf', NULL, 'other', 'Generated Report: Appointments', '2026-01-15 10:25:15', NULL),
(19, 2, 16, 'PatientRecord_16_20260115163441.pdf', 'storage/uploads/documents/PatientRecord_16_20260115163441.pdf', NULL, NULL, '', 'Generated Clinical Record', '2026-01-15 16:34:41', NULL),
(20, 1, NULL, 'CHMC-REP-20260117171836-9840.pdf', 'storage/reports/CHMC-REP-20260117171836-9840.pdf', 'application/pdf', NULL, 'other', 'Generated Report: Appointments', '2026-01-17 17:18:37', NULL),
(21, 1, NULL, 'CHMC-REP-20260117171849-6D72.pdf', 'storage/reports/CHMC-REP-20260117171849-6D72.pdf', 'application/pdf', NULL, 'other', 'Generated Report: Appointments', '2026-01-17 17:18:50', NULL),
(22, 12, 12, 'Invoice_3_20260117190847.pdf', 'storage/invoices/Invoice_3_20260117190847.pdf', 'application/pdf', NULL, 'other', 'Invoice #3 - In-clinic OB-GYN Consultation Fee', '2026-01-17 19:08:47', NULL),
(23, 1, 12, 'Invoice_2_20260118163617.pdf', 'storage/invoices/Invoice_2_20260118163617.pdf', 'application/pdf', NULL, 'other', 'Invoice #2 - Laboratory Test: Ultrasound', '2026-01-18 16:36:17', NULL),
(24, 3, NULL, 'CHMC-REP-20260118163953-2B84.pdf', 'storage/reports/CHMC-REP-20260118163953-2B84.pdf', 'application/pdf', NULL, 'other', 'Generated Report: Billing Summary', '2026-01-18 16:39:54', NULL),
(25, 3, NULL, 'CHMC-REP-20260118164039-5409.pdf', 'storage/reports/CHMC-REP-20260118164039-5409.pdf', 'application/pdf', NULL, 'other', 'Generated Report: Billing Summary', '2026-01-18 16:40:40', NULL),
(26, 3, NULL, 'CHMC-REP-20260118164049-AA46.pdf', 'storage/reports/CHMC-REP-20260118164049-AA46.pdf', 'application/pdf', NULL, 'other', 'Generated Report: Billing Summary', '2026-01-18 16:40:50', NULL),
(27, 1, 1, 'Invoice_6_20260118195514.pdf', 'storage/invoices/Invoice_6_20260118195514.pdf', 'application/pdf', NULL, 'other', 'Invoice #6 - Test Overpayment', '2026-01-18 19:55:14', NULL);

-- --------------------------------------------------------

--
-- Table structure for table `hmo_providers`
--

CREATE TABLE `hmo_providers` (
  `hmo_provider_id` int(11) NOT NULL,
  `name` varchar(100) NOT NULL,
  `short_name` varchar(50) DEFAULT NULL,
  `short_code` varchar(20) NOT NULL,
  `is_active` tinyint(1) DEFAULT 1,
  `created_at` datetime DEFAULT current_timestamp(),
  `updated_at` datetime DEFAULT current_timestamp() ON UPDATE current_timestamp()
) ENGINE=InnoDB DEFAULT CHARSET=utf8mb4 COLLATE=utf8mb4_unicode_ci;

--
-- Dumping data for table `hmo_providers`
--

INSERT INTO `hmo_providers` (`hmo_provider_id`, `name`, `short_name`, `short_code`, `is_active`, `created_at`, `updated_at`) VALUES
(1, 'Asian Medical & Allied Professional Health Insurance', 'AMAPHIL', 'HMO01', 1, '2026-01-18 14:54:33', '2026-01-18 14:54:54'),
(2, 'Avega Managed Care Inc.', 'AVEGA', 'HMO02', 1, '2026-01-18 14:54:33', '2026-01-18 14:54:57'),
(3, 'Benlife Insurance Corporation', 'BENLIFE', 'HMO03', 1, '2026-01-18 14:54:33', '2026-01-18 14:54:59'),
(4, 'Care Health Plus', 'CARE HEALTH PLUS', 'HMO04', 1, '2026-01-18 14:54:33', '2026-01-18 14:55:02'),
(5, 'Caritas Health Shield', 'CARITAS', 'HMO05', 1, '2026-01-18 14:54:33', '2026-01-18 14:55:05'),
(6, 'Cocolife Healthcare', 'COCOLIFE', 'HMO06', 1, '2026-01-18 14:54:33', '2026-01-18 14:55:07'),
(7, 'EastWest Healthcare Inc.', 'EASTWEST', 'HMO07', 1, '2026-01-18 14:54:33', '2026-01-18 14:55:09'),
(8, 'Etiqa Insurance & Takaful', 'ETIQA', 'HMO08', 1, '2026-01-18 14:54:33', '2026-01-18 14:55:11'),
(9, 'Flexicare', 'FLEXICARE', 'HMO09', 1, '2026-01-18 14:54:33', '2026-01-18 14:55:13'),
(10, 'GainHealth', 'GAINHEALTH', 'HMO10', 1, '2026-01-18 14:54:33', '2026-01-18 14:55:22'),
(11, 'Generali Philippines', 'GENERALI', 'HMO11', 1, '2026-01-18 14:54:33', '2026-01-18 14:55:25'),
(12, 'GetWell Health Systems', 'GETWELL', 'HMO12', 1, '2026-01-18 14:54:33', '2026-01-18 14:55:27'),
(13, 'Health Maintenance Inc.', 'HMI', 'HMO13', 1, '2026-01-18 14:54:33', '2026-01-18 14:55:29'),
(14, 'Health Plan Philippines Inc.', 'HPPI', 'HMO14', 1, '2026-01-18 14:54:33', '2026-01-18 14:55:32'),
(15, 'iCare', 'iCARE', 'HMO15', 1, '2026-01-18 14:54:33', '2026-01-18 14:55:52'),
(16, 'Asalus Corporation (Intellicare)', 'INTELLICARE', 'HMO16', 1, '2026-01-18 14:54:33', '2026-01-18 14:55:58'),
(17, 'Kaiser International Healthgroup Inc.', 'KAISER', 'HMO17', 1, '2026-01-18 14:54:33', '2026-01-18 14:56:02'),
(18, 'Lacson & Lacson', 'LACSON & LACSON', 'HMO18', 1, '2026-01-18 14:54:33', '2026-01-18 14:56:05'),
(19, 'Life and Health HMP Inc.', 'LIFE AND HEALTH', 'HMO19', 1, '2026-01-18 14:54:33', '2026-01-18 14:56:07'),
(20, 'Maxicare Healthcare Corporation', 'MAXICARE', 'HMO20', 1, '2026-01-18 14:54:33', '2026-01-18 14:56:09'),
(21, 'MedAsia Healthcare Network', 'MEDASIA', 'HMO21', 1, '2026-01-18 14:54:33', '2026-01-18 14:56:11'),
(22, 'Mediaccess', 'MEDIACCESS', 'HMO22', 1, '2026-01-18 14:54:33', '2026-01-18 14:56:15'),
(23, 'MEDICard Philippines Inc.', 'MEDICARD', 'HMO23', 1, '2026-01-18 14:54:33', '2026-01-18 14:56:17'),
(24, 'Medicare Plus', 'MEDICARE PLUS', 'HMO24', 1, '2026-01-18 14:54:33', '2026-01-18 14:56:19'),
(25, 'PhilhealthCare, Inc.', 'PHILCARE', 'HMO25', 1, '2026-01-18 22:49:40', '2026-01-18 22:50:15'),
(76, 'Value Care Health Systems, Inc.', 'ValuCare', 'HMO76', 1, '2026-01-18 22:49:40', '2026-01-18 22:49:40'),
(77, 'CareHealth Plus Systems International, Inc.', 'CareHealth Plus', 'HMO77', 1, '2026-01-18 22:49:40', '2026-01-18 22:49:40'),
(78, 'InLife Health Care', 'InLife', 'HMO78', 1, '2026-01-18 22:49:40', '2026-01-18 22:49:40'),
(79, 'AsianLife & General Assurance Corp.', 'AsianLife', 'HMO79', 1, '2026-01-18 22:49:40', '2026-01-18 22:49:40'),
(80, '1Cooperative Insurance System of the Philippines', 'Coop Health', 'HMO80', 1, '2026-01-18 22:49:40', '2026-01-18 22:49:40'),
(81, 'Life & Health HMI, Inc.', 'Life & Health', 'HMO81', 1, '2026-01-18 22:49:40', '2026-01-18 22:49:40'),
(82, 'MetroCare Health Systems, Inc.', 'MetroCare', 'HMO82', 1, '2026-01-18 22:49:40', '2026-01-18 22:49:40'),
(83, 'MyHealth Clinic (HPI)', 'MyHealth', 'HMO83', 1, '2026-01-18 22:49:40', '2026-01-18 22:49:40'),
(84, 'Optimum Medical and Health Care', 'Optimum', 'HMO84', 1, '2026-01-18 22:49:40', '2026-01-18 22:49:40'),
(85, 'StarCare Health Systems, Inc.', 'StarCare', 'HMO85', 1, '2026-01-18 22:49:40', '2026-01-18 22:49:40'),
(86, 'WellCare Health Maintenance, Inc.', 'WellCare', 'HMO86', 1, '2026-01-18 22:49:40', '2026-01-18 22:49:40'),
(87, 'Pacific Cross Insurance, Inc.', 'Pacific Cross', 'HMO87', 1, '2026-01-18 22:49:40', '2026-01-18 22:49:40');

-- --------------------------------------------------------

--
-- Table structure for table `laboratory_test`
--

CREATE TABLE `laboratory_test` (
  `laboratory_test_id` int(11) NOT NULL,
  `user_id` int(11) NOT NULL,
  `consultation_id` int(11) DEFAULT NULL,
  `test_name` varchar(100) NOT NULL,
  `test_result` text DEFAULT NULL,
  `reference_range` varchar(100) DEFAULT NULL,
  `result_file_path` varchar(255) DEFAULT NULL,
  `status` enum('ordered','completed','reviewed','released') NOT NULL,
  `viewed_at` datetime DEFAULT NULL,
  `ordered_at` datetime NOT NULL DEFAULT current_timestamp(),
  `completed_at` datetime DEFAULT NULL,
  `released_at` datetime DEFAULT NULL
) ENGINE=InnoDB DEFAULT CHARSET=utf8mb4 COLLATE=utf8mb4_unicode_ci;

--
-- Dumping data for table `laboratory_test`
--

INSERT INTO `laboratory_test` (`laboratory_test_id`, `user_id`, `consultation_id`, `test_name`, `test_result`, `reference_range`, `result_file_path`, `status`, `viewed_at`, `ordered_at`, `completed_at`, `released_at`) VALUES
(1, 12, NULL, 'Blood Typing, Pregnancy Test', NULL, NULL, NULL, 'ordered', NULL, '2026-01-12 22:29:25', NULL, NULL),
(2, 12, NULL, 'Ultrasound', NULL, NULL, NULL, 'ordered', NULL, '2026-01-15 20:39:43', NULL, NULL);

-- --------------------------------------------------------

--
-- Table structure for table `messages`
--

CREATE TABLE `messages` (
  `message_id` int(11) NOT NULL,
  `sender_id` int(11) NOT NULL,
  `receiver_id` int(11) NOT NULL,
  `message_body` mediumtext NOT NULL,
  `is_read` tinyint(1) DEFAULT 0,
  `read_at` datetime DEFAULT NULL,
  `is_archived` tinyint(1) DEFAULT 0,
  `created_at` datetime DEFAULT current_timestamp()
) ENGINE=InnoDB DEFAULT CHARSET=utf8mb4 COLLATE=utf8mb4_unicode_ci;

--
-- Dumping data for table `messages`
--

INSERT INTO `messages` (`message_id`, `sender_id`, `receiver_id`, `message_body`, `is_read`, `read_at`, `is_archived`, `created_at`) VALUES
(1, 2, 12, 'Testing', 1, '2026-01-05 07:22:04', 0, '2026-01-03 21:49:06'),
(2, 2, 12, 'Hello?', 1, '2026-01-05 07:22:04', 0, '2026-01-04 15:48:37'),
(3, 2, 12, 'This is your doctor for this upcoming appointment, thanks very much for booking your appointment', 1, '2026-01-05 07:22:04', 0, '2026-01-05 07:16:56'),
(4, 12, 2, 'I\'ll be heading there soon.', 1, '2026-01-05 07:23:17', 0, '2026-01-05 07:22:21'),
(5, 2, 12, 'Okay, thanks!', 1, '2026-01-05 07:23:27', 0, '2026-01-05 07:23:26'),
(6, 12, 2, 'Yw ^^', 1, '2026-01-05 07:23:39', 0, '2026-01-05 07:23:39'),
(7, 12, 2, 'So, we\'re done for today?', 1, '2026-01-05 07:28:09', 0, '2026-01-05 07:28:09'),
(8, 12, 2, 'Testing', 1, '2026-01-05 09:31:33', 0, '2026-01-05 09:31:09'),
(9, 2, 12, 'Testing successful', 1, '2026-01-05 09:31:41', 0, '2026-01-05 09:31:39'),
(10, 12, 2, 'Sige po doc, what time ka po pwede para makapagreserve ako?', 1, '2026-01-05 09:32:56', 0, '2026-01-05 09:32:55'),
(11, 2, 12, 'Around 4 PM siguro, may dalawang patients ako after 12 so baka pwede nako by that time.', 1, '2026-01-05 09:43:53', 0, '2026-01-05 09:43:47'),
(12, 1, 12, 'Good day, Patient! We\'re currently rolling out new changes with MatriFlow. Hang on tight!', 1, '2026-01-05 11:07:18', 0, '2026-01-05 11:07:10'),
(13, 12, 1, 'This is noted, thanks very much!', 1, '2026-01-05 11:07:33', 0, '2026-01-05 11:07:30'),
(14, 12, 1, 'You\'re welcome, here to serve you everyday.', 1, '2026-01-05 11:11:15', 0, '2026-01-05 11:11:14'),
(15, 1, 2, 'Good day, Doctor! We\'re currently rolling out new changes with MatriFlow. Hang on tight!', 1, '2026-01-05 11:12:51', 0, '2026-01-05 11:12:36'),
(16, 2, 1, 'Noted, thanks very much!', 1, '2026-01-05 11:13:03', 0, '2026-01-05 11:13:00'),
(17, 1, 12, 'Test message.', 1, '2026-01-07 11:30:00', 0, '2026-01-06 10:27:28'),
(18, 1, 12, 'Test message.', 1, '2026-01-07 11:30:00', 0, '2026-01-07 10:46:47'),
(19, 1, 12, 'test message.', 1, '2026-01-07 21:13:12', 0, '2026-01-07 13:55:18'),
(20, 12, 1, 'ghhg', 1, '2026-01-10 22:46:39', 0, '2026-01-07 21:13:28'),
(21, 12, 1, 'ghhg', 1, '2026-01-10 22:46:39', 0, '2026-01-07 21:13:30'),
(22, 12, 1, 'ghhg', 1, '2026-01-10 22:46:39', 0, '2026-01-07 21:13:31'),
(23, 2, 1, 'Any new updates?', 1, '2026-01-10 22:46:38', 0, '2026-01-10 22:42:22'),
(24, 1, 2, 'Nope, not yet.', 1, '2026-01-12 07:37:45', 0, '2026-01-12 07:36:41'),
(25, 1, 2, 'testing', 1, '2026-01-12 20:47:26', 0, '2026-01-12 20:41:09'),
(26, 3, 12, 'Testing', 1, '2026-01-12 21:25:49', 0, '2026-01-12 21:23:54'),
(27, 2, 19, 'test', 0, NULL, 0, '2026-01-12 22:54:58');

-- --------------------------------------------------------

--
-- Table structure for table `notifications`
--

CREATE TABLE `notifications` (
  `notification_id` int(11) NOT NULL,
  `user_id` int(11) NOT NULL,
  `type` varchar(50) NOT NULL COMMENT 'Type: appointment_reminder, lab_result, payment_due, general, admin_broadcast',
  `message` text NOT NULL,
  `related_id` int(11) DEFAULT NULL COMMENT 'Optional related record ID (appointment_id, billing_id, etc.)',
  `is_read` tinyint(1) DEFAULT 0,
  `read_at` datetime DEFAULT NULL,
  `created_at` datetime DEFAULT current_timestamp()
) ENGINE=InnoDB DEFAULT CHARSET=utf8mb4 COLLATE=utf8mb4_unicode_ci;

--
-- Dumping data for table `notifications`
--

INSERT INTO `notifications` (`notification_id`, `user_id`, `type`, `message`, `related_id`, `is_read`, `read_at`, `created_at`) VALUES
(1, 12, 'general', 'New Consultation: Clinical record saved. A new invoice has been generated for your visit.', 1, 1, '2026-01-18 22:36:22', '2026-01-17 17:36:55');

-- --------------------------------------------------------

--
-- Table structure for table `password_reset_tokens`
--

CREATE TABLE `password_reset_tokens` (
  `password_reset_token_id` int(11) NOT NULL,
  `user_id` int(11) NOT NULL,
  `token_hash` char(64) NOT NULL,
  `expires_at` datetime NOT NULL,
  `used_at` datetime DEFAULT NULL,
  `requested_ip` varchar(45) DEFAULT NULL,
  `requested_user_agent` varchar(255) DEFAULT NULL,
  `created_at` datetime NOT NULL DEFAULT current_timestamp()
) ENGINE=InnoDB DEFAULT CHARSET=utf8mb4 COLLATE=utf8mb4_unicode_ci;

--
-- Dumping data for table `password_reset_tokens`
--

INSERT INTO `password_reset_tokens` (`password_reset_token_id`, `user_id`, `token_hash`, `expires_at`, `used_at`, `requested_ip`, `requested_user_agent`, `created_at`) VALUES
(1, 1, '2e4d30e57e932eb67c6958b789e717a896b7c61d9abbcc9d15ddbb2ca7943beb', '2025-12-29 16:01:48', NULL, '180.190.142.242', 'Mozilla/5.0 (Windows NT 10.0; Win64; x64) AppleWebKit/537.36 (KHTML, like Gecko) Chrome/143.0.0.0 Safari/537.36', '2025-12-28 23:46:48'),
(2, 1, '8fabcfb92066a75e00946233b5896aceb8f85e8ba1be8caa3a2234453b8d1376', '2025-12-29 16:01:51', '2025-12-28 23:47:02', '180.190.142.242', 'Mozilla/5.0 (Windows NT 10.0; Win64; x64) AppleWebKit/537.36 (KHTML, like Gecko) Chrome/143.0.0.0 Safari/537.36', '2025-12-28 23:46:51'),
(3, 5, '42664cb1e540a01db661ae4cabe75c9a202c002ee96998bdaa687c6840315901', '2026-01-01 22:10:10', NULL, NULL, NULL, '2026-01-01 05:55:10'),
(4, 5, '9817bd2ab0e58666dddce9ab6d12f6e75a8eb6d3aa4f2d6de9bd7484bdf38856', '2026-01-01 22:10:10', NULL, NULL, NULL, '2026-01-01 05:55:10'),
(5, 1, 'b4a1a4b52b9ffc058c341c0e39adc135a9e34217c84d8e2d426c47372eb7a0b3', '2026-01-01 22:20:51', NULL, NULL, NULL, '2026-01-01 06:05:51'),
(6, 1, '64017570caacf01044e82a76c7837b5256ca4d98d7b2ccca7ad717f3e212f359', '2026-01-01 22:20:51', NULL, NULL, NULL, '2026-01-01 06:05:51'),
(7, 1, 'ae989cab18bbb0b33ffb86be22b40d445217d100e4d12dffd5d0dc1d0c7920a2', '2026-01-01 22:33:33', NULL, NULL, NULL, '2026-01-01 06:18:33'),
(8, 1, '54db1fab7877f8c871687eca87c131f95b80b68499d526b976f85bd7e62e02e6', '2026-01-01 22:33:33', NULL, NULL, NULL, '2026-01-01 06:18:33'),
(9, 1, 'bd5e88a9cd83c90d458e35f1d77a6802d64ace9d4deac18576475cf9fe1b441a', '2026-01-01 22:33:38', NULL, NULL, NULL, '2026-01-01 06:18:38'),
(10, 1, '46b003203cdf8ff262bbaa3ef66d11220e6aeaa13c6c8505a6a4ed7e24b018cc', '2026-01-01 22:33:38', NULL, NULL, NULL, '2026-01-01 06:18:38'),
(11, 1, '6d37b84aee31ce022bd73f5480d424c692084144f2224cd214619b6a88070b82', '2026-01-01 22:33:40', NULL, NULL, NULL, '2026-01-01 06:18:40'),
(12, 1, '19f960ea49e1fdac0ad5278019271d7d7a942ae8899cbd463508cc908b000548', '2026-01-01 22:33:40', NULL, NULL, NULL, '2026-01-01 06:18:40'),
(13, 1, '40c7c7a7a14d6524abeae520ef399e15b4edfe037dbfa4836e74555dd9ba258d', '2026-01-01 22:33:42', NULL, NULL, NULL, '2026-01-01 06:18:42'),
(14, 1, 'c2ed897432807b696065fca2478b2534efd164da1f328d9fccf252699f87585a', '2026-01-01 22:33:42', NULL, NULL, NULL, '2026-01-01 06:18:42'),
(22, 5, '01bc7d1058091dcb3aec881f8bd10f6009ebe88bf876230d1b7fb02a4e3b4745', '2026-01-08 17:43:45', NULL, NULL, NULL, '2026-01-08 17:28:45'),
(23, 5, '6227c0c4f5f848eba0115db3812e980ea7cd7a4401cb5e80894445816328c0f7', '2026-01-08 17:43:45', NULL, NULL, NULL, '2026-01-08 17:28:45'),
(24, 1, '7d46bd2a08f33a1ee53bf7dfb3b80aec2c4bfd7d5c80164d75c56e46525e2dd8', '2026-01-08 18:58:11', NULL, NULL, NULL, '2026-01-08 18:43:11'),
(25, 1, '23ec7ed5a57806f09eeb51b184760ab68642855237eb8b617f8453a1c81965ce', '2026-01-08 18:58:11', NULL, NULL, NULL, '2026-01-08 18:43:11'),
(26, 1, '4cdb6875b8e4c2135c28198a16c7a2658946c11b733bfc80fe47a36cdbefab24', '2026-01-08 18:58:44', NULL, NULL, NULL, '2026-01-08 18:43:44'),
(27, 1, '2301414ce42719370d9fa716af541dddcd9af04887db8ae2a2c36de487202cea', '2026-01-08 18:58:44', NULL, NULL, NULL, '2026-01-08 18:43:44'),
(28, 1, 'a446a17e840a578f5119ea43aaab85f3b1f5979068eb4529001ee00cebc72fa5', '2026-01-08 20:04:37', NULL, '::1', 'Mozilla/5.0 (Windows NT 10.0; Win64; x64) AppleWebKit/537.36 (KHTML, like Gecko) Chrome/143.0.0.0 Safari/537.36', '2026-01-08 19:04:37'),
(29, 1, 'cf6e42a55e4d65e5ddaf2e8365705cb13212c73a27acc301b8501d03263eb6c8', '2026-01-08 20:04:41', NULL, '::1', 'Mozilla/5.0 (Windows NT 10.0; Win64; x64) AppleWebKit/537.36 (KHTML, like Gecko) Chrome/143.0.0.0 Safari/537.36', '2026-01-08 19:04:41'),
(30, 1, '4d1c2a71320d0382ed38d714343fded825e9a2be1ceeb85e2cea42e510928e62', '2026-01-15 16:34:41', NULL, '::1', 'Mozilla/5.0 (Windows NT 10.0; Win64; x64) AppleWebKit/537.36 (KHTML, like Gecko) Chrome/143.0.0.0 Safari/537.36', '2026-01-15 15:34:41');

-- --------------------------------------------------------

--
-- Table structure for table `patient_queue`
--

CREATE TABLE `patient_queue` (
  `queue_id` int(11) NOT NULL,
  `appointment_id` int(11) NOT NULL,
  `user_id` int(11) NOT NULL,
  `doctor_user_id` int(11) DEFAULT NULL,
  `position` int(11) NOT NULL,
  `status` enum('waiting','checked_in','in_consultation','finished','skipped','cancelled','no_show') NOT NULL DEFAULT 'waiting',
  `checked_in_at` datetime NOT NULL DEFAULT current_timestamp(),
  `started_at` datetime DEFAULT NULL,
  `finished_at` datetime DEFAULT NULL
) ENGINE=InnoDB DEFAULT CHARSET=utf8mb4 COLLATE=utf8mb4_unicode_ci;

--
-- Dumping data for table `patient_queue`
--

INSERT INTO `patient_queue` (`queue_id`, `appointment_id`, `user_id`, `doctor_user_id`, `position`, `status`, `checked_in_at`, `started_at`, `finished_at`) VALUES
(1, 8, 12, 2, 1, 'finished', '2026-01-14 16:12:04', '2026-01-14 16:13:53', '2026-01-14 16:14:10'),
(2, 9, 12, 2, 2, '', '2026-01-14 16:14:49', NULL, NULL),
(3, 11, 12, 2, 3, 'finished', '2026-01-14 16:23:52', '2026-01-17 17:36:25', '2026-01-17 18:29:14'),
(4, 1, 12, 2, 1, 'no_show', '2026-01-17 18:47:39', NULL, NULL);

-- --------------------------------------------------------

--
-- Table structure for table `payments`
--

CREATE TABLE `payments` (
  `payment_id` int(11) NOT NULL,
  `billing_id` int(11) NOT NULL,
  `amount` decimal(10,2) NOT NULL,
  `method` varchar(50) NOT NULL,
  `reference_number` varchar(100) DEFAULT NULL,
  `paid_at` datetime DEFAULT current_timestamp(),
  `recorded_by` int(11) NOT NULL,
  `notes` text DEFAULT NULL
) ENGINE=InnoDB DEFAULT CHARSET=utf8mb4 COLLATE=utf8mb4_general_ci;

--
-- Dumping data for table `payments`
--

INSERT INTO `payments` (`payment_id`, `billing_id`, `amount`, `method`, `reference_number`, `paid_at`, `recorded_by`, `notes`) VALUES
(1, 5, 500.00, 'cash', 'REF1', '2026-01-18 17:55:15', 1, NULL),
(2, 5, 600.00, 'gcash', 'REF2', '2026-01-18 17:55:15', 1, NULL);

-- --------------------------------------------------------

--
-- Table structure for table `pregnancies`
--

CREATE TABLE `pregnancies` (
  `pregnancy_id` int(11) NOT NULL,
  `user_id` int(11) NOT NULL,
  `gravida` int(11) DEFAULT 0,
  `para` int(11) DEFAULT 0,
  `abortions` int(11) DEFAULT 0,
  `living_children` int(11) DEFAULT 0,
  `lmp_date` date NOT NULL,
  `estimated_due_date` date NOT NULL,
  `status` enum('active','completed','miscarriage','abortion') DEFAULT 'active',
  `delivery_date` date DEFAULT NULL,
  `delivery_mode` enum('SVD','CS','VBAC','assisted') DEFAULT NULL,
  `next_visit_due` date DEFAULT NULL,
  `created_at` datetime DEFAULT current_timestamp(),
  `updated_at` datetime DEFAULT current_timestamp() ON UPDATE current_timestamp()
) ENGINE=InnoDB DEFAULT CHARSET=utf8mb4 COLLATE=utf8mb4_unicode_ci;

--
-- Dumping data for table `pregnancies`
--

INSERT INTO `pregnancies` (`pregnancy_id`, `user_id`, `gravida`, `para`, `abortions`, `living_children`, `lmp_date`, `estimated_due_date`, `status`, `delivery_date`, `delivery_mode`, `next_visit_due`, `created_at`, `updated_at`) VALUES
(1, 12, 1, 0, 0, 0, '2026-01-03', '2026-10-10', 'active', NULL, NULL, NULL, '2026-01-03 21:51:52', '2026-01-10 14:02:32'),
(21, 19, 1, 0, 0, 0, '2025-12-04', '2026-09-11', 'active', NULL, NULL, NULL, '2026-01-14 16:06:33', '2026-01-14 16:06:33');

-- --------------------------------------------------------

--
-- Table structure for table `prenatal_observations`
--

CREATE TABLE `prenatal_observations` (
  `observation_id` int(11) NOT NULL,
  `user_id` int(11) NOT NULL,
  `pregnancy_id` int(11) NOT NULL,
  `fundal_height_cm` decimal(5,2) DEFAULT NULL,
  `fetal_heart_rate` int(11) DEFAULT NULL,
  `fetal_movement_noted` tinyint(1) DEFAULT NULL,
  `recorded_at` datetime NOT NULL DEFAULT current_timestamp()
) ENGINE=InnoDB DEFAULT CHARSET=utf8mb4 COLLATE=utf8mb4_unicode_ci;

--
-- Dumping data for table `prenatal_observations`
--

INSERT INTO `prenatal_observations` (`observation_id`, `user_id`, `pregnancy_id`, `fundal_height_cm`, `fetal_heart_rate`, `fetal_movement_noted`, `recorded_at`) VALUES
(1, 12, 1, 15.60, 132, 1, '2026-01-03 21:54:43'),
(2, 19, 21, 34.00, 34, 0, '2026-01-14 16:29:37'),
(3, 19, 21, 34.00, 34, 0, '2026-01-14 16:29:42'),
(4, 19, 21, 34.00, 34, 0, '2026-01-14 16:29:45');

-- --------------------------------------------------------

--
-- Table structure for table `prescription`
--

CREATE TABLE `prescription` (
  `prescription_id` int(11) NOT NULL,
  `user_id` int(11) NOT NULL,
  `doctor_user_id` int(11) NOT NULL,
  `consultation_id` int(11) DEFAULT NULL,
  `medication_name` varchar(255) NOT NULL,
  `dosage` varchar(100) DEFAULT NULL,
  `frequency` varchar(100) DEFAULT NULL,
  `duration` varchar(100) DEFAULT NULL,
  `instructions` text DEFAULT NULL,
  `prescribed_at` datetime DEFAULT current_timestamp()
) ENGINE=InnoDB DEFAULT CHARSET=utf8mb4 COLLATE=utf8mb4_unicode_ci;

--
-- Dumping data for table `prescription`
--

INSERT INTO `prescription` (`prescription_id`, `user_id`, `doctor_user_id`, `consultation_id`, `medication_name`, `dosage`, `frequency`, `duration`, `instructions`, `prescribed_at`) VALUES
(1, 7, 2, NULL, 'gdf', 'fs', 'dfg', 'g', 'dfg', '2026-01-07 18:27:26');

-- --------------------------------------------------------

--
-- Table structure for table `promissory_notes`
--

CREATE TABLE `promissory_notes` (
  `promissory_note_id` int(11) NOT NULL,
  `billing_id` int(11) NOT NULL,
  `user_id` int(11) NOT NULL,
  `promised_amount` decimal(10,2) NOT NULL,
  `promise_date` date NOT NULL,
  `due_date` date NOT NULL,
  `status` enum('pending','paid','defaulted') DEFAULT 'pending',
  `notes` text DEFAULT NULL,
  `created_by_user_id` int(11) DEFAULT NULL,
  `created_at` datetime DEFAULT current_timestamp(),
  `updated_at` datetime DEFAULT current_timestamp() ON UPDATE current_timestamp()
) ENGINE=InnoDB DEFAULT CHARSET=utf8mb4 COLLATE=utf8mb4_unicode_ci;

-- --------------------------------------------------------

--
-- Table structure for table `reminder_logs`
--

CREATE TABLE `reminder_logs` (
  `reminder_id` int(11) NOT NULL,
  `appointment_id` int(11) NOT NULL,
  `type` enum('sms','email','call') NOT NULL,
  `recipient` varchar(255) NOT NULL,
  `sent_at` datetime DEFAULT current_timestamp(),
  `status` enum('sent','failed','queued') DEFAULT 'sent'
) ENGINE=InnoDB DEFAULT CHARSET=utf8mb4 COLLATE=utf8mb4_unicode_ci;

--
-- Dumping data for table `reminder_logs`
--

INSERT INTO `reminder_logs` (`reminder_id`, `appointment_id`, `type`, `recipient`, `sent_at`, `status`) VALUES
(1, 7, 'sms', '912-625-9783', '2026-01-14 16:11:00', 'sent'),
(2, 8, 'sms', '912-625-9783', '2026-01-14 16:11:34', 'sent'),
(3, 9, 'sms', '912-625-9783', '2026-01-14 16:14:42', 'sent'),
(4, 10, 'sms', '912-625-9783', '2026-01-14 16:23:13', 'sent'),
(5, 11, 'sms', '912-625-9783', '2026-01-14 16:23:34', 'sent');

-- --------------------------------------------------------

--
-- Table structure for table `staff_schedule`
--

CREATE TABLE `staff_schedule` (
  `schedule_id` int(11) NOT NULL,
  `user_id` int(11) NOT NULL,
  `day_of_week` enum('Monday','Tuesday','Wednesday','Thursday','Friday','Saturday','Sunday') NOT NULL,
  `start_time` time NOT NULL,
  `end_time` time NOT NULL,
  `is_available` tinyint(1) NOT NULL DEFAULT 1,
  `comments` text DEFAULT NULL,
  `created_at` datetime DEFAULT current_timestamp()
) ENGINE=InnoDB DEFAULT CHARSET=utf8mb4 COLLATE=utf8mb4_unicode_ci;

--
-- Dumping data for table `staff_schedule`
--

INSERT INTO `staff_schedule` (`schedule_id`, `user_id`, `day_of_week`, `start_time`, `end_time`, `is_available`, `comments`, `created_at`) VALUES
(42, 3, 'Monday', '08:00:00', '17:00:00', 1, '', '2026-01-12 22:30:02'),
(43, 3, 'Tuesday', '08:00:00', '17:00:00', 1, '', '2026-01-12 22:30:02'),
(44, 3, 'Wednesday', '08:00:00', '17:00:00', 1, '', '2026-01-12 22:30:02'),
(45, 3, 'Thursday', '08:00:00', '17:00:00', 1, '', '2026-01-12 22:30:02'),
(46, 3, 'Friday', '08:00:00', '17:00:00', 1, '', '2026-01-12 22:30:02'),
(47, 3, 'Saturday', '08:00:00', '17:00:00', 0, '', '2026-01-12 22:30:02'),
(48, 3, 'Sunday', '08:00:00', '17:00:00', 0, '', '2026-01-12 22:30:02'),
(49, 15, 'Monday', '08:00:00', '17:00:00', 1, '', '2026-01-12 22:30:15'),
(50, 15, 'Tuesday', '08:00:00', '17:00:00', 0, '', '2026-01-12 22:30:15'),
(51, 15, 'Wednesday', '08:00:00', '17:00:00', 1, '', '2026-01-12 22:30:15'),
(52, 15, 'Thursday', '08:00:00', '17:00:00', 0, '', '2026-01-12 22:30:15'),
(53, 15, 'Friday', '08:00:00', '17:00:00', 0, '', '2026-01-12 22:30:15'),
(54, 15, 'Saturday', '08:00:00', '17:00:00', 0, '', '2026-01-12 22:30:15'),
(55, 15, 'Sunday', '08:00:00', '17:00:00', 0, '', '2026-01-12 22:30:15'),
(56, 2, 'Monday', '08:00:00', '17:00:00', 1, 'fes', '2026-01-14 16:33:14'),
(57, 2, 'Tuesday', '08:00:00', '17:00:00', 1, '', '2026-01-14 16:33:14'),
(58, 2, 'Wednesday', '08:00:00', '17:00:00', 1, '', '2026-01-14 16:33:14'),
(59, 2, 'Thursday', '08:00:00', '17:00:00', 1, '', '2026-01-14 16:33:14'),
(60, 2, 'Friday', '08:00:00', '17:00:00', 1, '', '2026-01-14 16:33:14'),
(61, 2, 'Saturday', '08:00:00', '17:00:00', 1, '', '2026-01-14 16:33:14'),
(62, 2, 'Sunday', '08:00:00', '17:00:00', 1, '', '2026-01-14 16:33:14');

-- --------------------------------------------------------

--
-- Table structure for table `system_settings`
--

CREATE TABLE `system_settings` (
  `setting_key` varchar(100) NOT NULL,
  `setting_value` text DEFAULT NULL,
  `updated_at` datetime DEFAULT current_timestamp() ON UPDATE current_timestamp()
) ENGINE=InnoDB DEFAULT CHARSET=utf8mb4 COLLATE=utf8mb4_general_ci;

--
-- Dumping data for table `system_settings`
--

INSERT INTO `system_settings` (`setting_key`, `setting_value`, `updated_at`) VALUES
('2fa_enforcement', 'required', '2026-01-07 14:21:01'),
('admin_email', 'matriflow.chmc@gmail.com', '2026-01-17 22:12:38'),
('email_from_address', '', '2026-01-14 15:19:20'),
('email_from_name', '', '2026-01-14 15:19:20'),
('session_timeout_minutes', '30', '2026-01-07 14:21:01'),
('system_name', 'MatriFlow - CHMC', '2026-01-14 15:19:20'),
('timezone', 'Asia/Manila', '2026-01-07 14:21:01');

-- --------------------------------------------------------

--
-- Table structure for table `users`
--

CREATE TABLE `users` (
  `user_id` int(11) NOT NULL,
  `username` varchar(50) NOT NULL,
  `password_hash` varchar(255) NOT NULL,
  `email` varchar(100) DEFAULT NULL,
  `first_name` varchar(100) NOT NULL,
  `middle_name` varchar(50) DEFAULT NULL,
  `last_name` varchar(100) NOT NULL,
  `gender` enum('Male','Female','Other') DEFAULT NULL,
  `dob` date DEFAULT NULL,
  `contact_number` varchar(20) DEFAULT NULL,
  `address` text DEFAULT NULL,
  `role` enum('admin','doctor','secretary','patient') NOT NULL,
  `registration_type` enum('Patient','Guardian') DEFAULT 'Patient',
  `is_active` tinyint(1) NOT NULL DEFAULT 1,
  `account_status` enum('pending','active','locked','suspended') DEFAULT 'pending',
  `identification_number` varchar(20) DEFAULT NULL,
  `marital_status` enum('Single','Married','Divorced','Widowed','Separated') DEFAULT NULL,
  `occupation` varchar(100) DEFAULT NULL,
  `city` varchar(100) DEFAULT NULL,
  `province` varchar(100) DEFAULT NULL,
  `emergency_contact_name` varchar(255) DEFAULT NULL,
  `emergency_contact_number` varchar(20) DEFAULT NULL,
  `google_2fa_secret` varchar(64) DEFAULT NULL,
  `backup_tokens` text DEFAULT NULL,
  `is_2fa_enabled` tinyint(1) NOT NULL DEFAULT 0,
  `force_2fa_setup` tinyint(1) NOT NULL DEFAULT 1,
  `two_factor_verified_at` datetime DEFAULT NULL,
  `last_login_at` datetime DEFAULT NULL,
  `last_activity_at` datetime DEFAULT NULL,
  `failed_login_attempts` int(11) NOT NULL DEFAULT 0,
  `account_locked_until` datetime DEFAULT NULL,
  `created_at` datetime NOT NULL DEFAULT current_timestamp(),
  `updated_at` datetime NOT NULL DEFAULT current_timestamp() ON UPDATE current_timestamp(),
  `deleted_at` datetime DEFAULT NULL
) ENGINE=InnoDB DEFAULT CHARSET=utf8mb4 COLLATE=utf8mb4_unicode_ci;

--
-- Dumping data for table `users`
--

INSERT INTO `users` (`user_id`, `username`, `password_hash`, `email`, `first_name`, `middle_name`, `last_name`, `gender`, `dob`, `contact_number`, `address`, `role`, `registration_type`, `is_active`, `account_status`, `identification_number`, `marital_status`, `occupation`, `city`, `province`, `emergency_contact_name`, `emergency_contact_number`, `google_2fa_secret`, `backup_tokens`, `is_2fa_enabled`, `force_2fa_setup`, `two_factor_verified_at`, `last_login_at`, `last_activity_at`, `failed_login_attempts`, `account_locked_until`, `created_at`, `updated_at`, `deleted_at`) VALUES
(1, 'admin', '$2y$10$Kk3dKwl06zWu68ArGkUGt.48Wf9lGjE1dPLyGLv8se6zfbkMQUvd.', 'espino.jamesbryant20+admin@gmail.com', 'System', '', 'Administrator', 'Male', '2001-01-01', '912-625-9783', '', 'admin', 'Patient', 1, 'active', 'MF-00001', 'Single', '', '', '', '', '', 'W5ABQN2QODA64JTQKR7MKO3S4F2RVOMO', NULL, 1, 0, '2026-01-18 19:40:03', '2026-01-18 19:40:00', '2026-01-18 20:11:42', 0, NULL, '2025-12-29 15:46:34', '2026-01-18 20:11:42', NULL),
(2, 'doctor01', '$2y$10$92IXUNpkjO0rOQ5byMi.Ye4oKoEa3Ro9llC/.og/at2.uheWG/igi', 'espino.jamesbryant20+doctor@gmail.com', 'Eiselle', NULL, 'Meneses', NULL, '2001-01-01', '', '', 'doctor', 'Patient', 1, 'active', 'MF-00002', NULL, NULL, NULL, NULL, '', '', 'QUDM4FG5ZZRXJAU2UIAFIBNT4I2IB5BM', NULL, 1, 0, '2026-01-18 16:44:21', '2026-01-18 16:44:18', '2026-01-18 16:56:17', 0, NULL, '2025-12-29 15:46:34', '2026-01-18 16:56:17', NULL),
(3, 'secretary01', '$2y$10$92IXUNpkjO0rOQ5byMi.Ye4oKoEa3Ro9llC/.og/at2.uheWG/igi', 'espino.jamesbryant20+secretary@gmail.com', 'Maria', NULL, 'Santos', NULL, '2001-01-01', NULL, NULL, 'secretary', 'Patient', 1, 'active', 'MF-00003', NULL, NULL, NULL, NULL, NULL, NULL, 'XZEOYZAXRXKPAV6KRTOQHNBFJSM6QEJB', NULL, 1, 0, '2026-01-18 16:39:17', '2026-01-18 16:39:12', '2026-01-18 16:44:12', 0, NULL, '2025-12-29 15:46:34', '2026-01-18 16:44:12', NULL),
(4, 'user01', '$2y$10$92IXUNpkjO0rOQ5byMi.Ye4oKoEa3Ro9llC/.og/at2.uheWG/igi', 'espino.jamesbryant20+patient@gmail.com', 'James', NULL, 'Espino', NULL, '2001-01-01', NULL, NULL, 'patient', 'Patient', 1, 'pending', 'MF-00004', NULL, NULL, NULL, NULL, NULL, NULL, NULL, NULL, 0, 1, NULL, '2026-01-02 04:53:55', '2026-01-02 04:54:53', 0, NULL, '2025-12-29 15:46:34', '2026-01-15 13:46:02', NULL),
(5, 'jane_doe', '$2y$10$xve4vx0j.EZ7Qdv5XLLLFubEgPLFtKGOH.GVGr.OmkZlfg6DDXqsy', 'espino.jamesbryant20+student@gmail.com', 'Jane', NULL, 'Doe', NULL, '2001-01-01', '912-625-9783', NULL, 'patient', 'Patient', 1, 'pending', 'MF-00005', NULL, NULL, NULL, NULL, NULL, NULL, 'AOZGR4KAI7GPOJ4LURGQ5GYB5NVSB3N6', NULL, 1, 0, '2025-12-29 05:51:49', '2025-12-29 05:51:41', '2025-12-29 05:52:55', 0, NULL, '2025-12-29 00:25:31', '2026-01-15 13:46:06', NULL),
(7, 'patient-6', '$2y$10$op6jkOnfyfYHKoAtrbClaelGfNUJluM/wG7nR.7JSukYx5aJd4pFm', 'espino.jamesbryant20+student2@gmail.com', 'Choogy', NULL, 'Delulu', NULL, '2001-01-01', '912-625-9783', NULL, 'patient', 'Patient', 1, 'pending', 'MF-00007', NULL, NULL, NULL, NULL, NULL, NULL, 'LQFYJOT63R3XMYHR4ZXWNTA5VN2OW3MW', NULL, 1, 0, '2025-12-30 06:45:02', '2026-01-10 20:34:07', '2026-01-10 20:34:46', 0, NULL, '2025-12-29 06:03:57', '2026-01-15 13:46:10', NULL),
(12, 'skibididopdop', '$2y$10$VKCpn0kY2AHcxEPMl1e0D.KG1GEaBiE7fZnGg/rrlzLbuLv65x2ny', 'espino.jamesbryant20+student3@gmail.com', 'Skibidi', '', 'Sigma', NULL, '2001-01-01', '912-625-9783', 'Test Address', 'patient', 'Patient', 1, 'active', 'MF-00012', '', NULL, '', '', '', '', '4S6XAU5CRZDFTOO3Z63D77ALCQIWTXRY', NULL, 1, 0, '2026-01-18 22:34:29', '2026-01-18 22:34:26', '2026-01-18 23:00:52', 0, NULL, '2026-01-02 01:00:00', '2026-01-18 23:00:52', NULL),
(13, 'doctor02', '$2y$10$MdGYW/9dDmGh4fvMpxgnqOKkB4gG9tnofovrKWLF92WE/xSbjFTZm', 'espino.jamesbryant20+doctor2@gmail.com', 'Toni', NULL, 'Espiritu', NULL, NULL, NULL, NULL, 'doctor', 'Patient', 0, 'pending', 'MF-00013', NULL, NULL, NULL, NULL, NULL, NULL, NULL, NULL, 0, 1, NULL, '2026-01-04 15:47:52', '2026-01-04 15:48:05', 0, NULL, '2026-01-04 15:45:28', '2026-01-15 13:46:21', NULL),
(14, 'johndoe123', '$2y$10$s01HxmcAzx50p9MluTI33eh5ERqfV4ZR9aExVUbG54TG6LVcbKDI.', 'espino.jamesbryant20+student4@gmail.com', 'John', NULL, 'Doe', NULL, '2006-01-01', '912-625-9783', NULL, 'patient', 'Patient', 1, 'pending', 'MF-00014', NULL, NULL, NULL, NULL, NULL, NULL, 'GROAPTCDCZSRCA3UUXHJOMZT7CQD6DFW', NULL, 1, 0, '2026-01-05 07:40:27', '2026-01-05 07:40:07', '2026-01-05 07:40:52', 0, NULL, '2026-01-05 07:37:27', '2026-01-15 13:46:24', NULL),
(15, 'doctor03', '$2y$10$Ocxh.fQYKv.Hqx4KTw/Vg.kAyAxZzl5x2jp102bI/0CcBHky6U/q.', 'espino.jamesbryant20+doctor03@gmail.com', 'John', NULL, 'Smith', NULL, NULL, NULL, NULL, 'doctor', 'Patient', 1, 'pending', 'MF-00015', NULL, NULL, NULL, NULL, NULL, NULL, 'BTQW7PDL3ALMKNWRP57YENB2RWTYLF7W', NULL, 1, 0, '2026-01-05 12:44:55', '2026-01-05 12:44:38', '2026-01-05 12:48:13', 0, NULL, '2026-01-05 12:28:43', '2026-01-15 13:46:27', NULL),
(16, 'mattkenneth', '$2y$10$pJmdbUVkkSDqmUmB4W3uEuWy0nVc1YsL9QDYPTNbi/3om60g2LcO2', 'espino.jamesbryant20+patient5@gmail.com', 'Matt', NULL, 'Kenneth', NULL, '2006-01-01', '912-625-9783', NULL, 'patient', 'Patient', 1, 'pending', 'MF-00016', NULL, NULL, NULL, NULL, NULL, NULL, 'JQZT4BQZRQZDTS3VF2S4TH2IFIENFMPZ', '[\"0d069a72\",\"a2e50141\",\"90eaa5a3\"]', 0, 1, '2026-01-05 12:39:36', '2026-01-15 16:58:51', '2026-01-15 17:05:06', 0, NULL, '2026-01-05 12:38:11', '2026-01-15 17:05:06', NULL),
(19, 'TestUser2', '$2y$10$UrWtgUbRt661t2nsg...5.v1pRQoskhX4YaJz0H/0unK4N66sf2Ym', 'espino.jamesbryant20+student7@gmail.com', 'Jane', NULL, 'Bryan', NULL, NULL, NULL, NULL, 'patient', 'Patient', 1, 'pending', 'MF-00019', NULL, NULL, NULL, NULL, NULL, NULL, NULL, NULL, 0, 1, NULL, NULL, NULL, 0, NULL, '2026-01-10 22:47:49', '2026-01-15 13:46:35', NULL),
(21, 'erg', '$2y$10$DrXSOeAYHlTbo/of7oUROOqpWsByGvSfITtIXnCveaR/.JydQq7Uq', 'doctor@example.com', 'rth', NULL, 'erg', 'Male', '2008-01-15', '1234567890', 'sdv', 'patient', 'Patient', 1, 'pending', 'MF-00021', NULL, 'aef', 'aef', 'a', NULL, NULL, NULL, NULL, 0, 1, NULL, NULL, NULL, 0, NULL, '2026-01-15 13:39:38', '2026-01-15 13:39:59', NULL),
(22, 'erfwerf', '$2y$10$1kQoXEoT1Hn3jKLJuZ.nOemcfKv6kHhoQw6J/9st1gFYqDf0/lTWG', 'espino.jamesbryant20+patient67@gmail.com', 'eferf', 'wefwef', 'wef', 'Female', '2001-01-01', '1234567890', NULL, 'patient', 'Guardian', 0, 'pending', NULL, NULL, NULL, NULL, NULL, NULL, NULL, 'NJXFWYYMHIVB7NFYKPXV27WYPEANM4ZW', '[\"3a571ae7\",\"58a97cf9\",\"9f85bd0e\"]', 0, 1, NULL, '2026-01-17 20:52:38', '2026-01-17 21:16:16', 0, NULL, '2026-01-17 20:51:43', '2026-01-17 21:16:38', NULL);

-- --------------------------------------------------------

--
-- Table structure for table `user_sessions`
--

CREATE TABLE `user_sessions` (
  `session_id` varchar(128) NOT NULL,
  `user_id` int(11) NOT NULL,
  `ip_address` varchar(45) DEFAULT NULL,
  `user_agent` varchar(255) DEFAULT NULL,
  `created_at` datetime NOT NULL DEFAULT current_timestamp(),
  `last_activity` datetime NOT NULL DEFAULT current_timestamp() ON UPDATE current_timestamp(),
  `expires_at` datetime NOT NULL
) ENGINE=InnoDB DEFAULT CHARSET=utf8mb4 COLLATE=utf8mb4_unicode_ci;

--
-- Dumping data for table `user_sessions`
--

INSERT INTO `user_sessions` (`session_id`, `user_id`, `ip_address`, `user_agent`, `created_at`, `last_activity`, `expires_at`) VALUES
('007a5a5ce45f6a166a63d50c253587d0', 1, '180.190.142.242', 'Mozilla/5.0 (Windows NT 10.0; Win64; x64) AppleWebKit/537.36 (KHTML, like Gecko) Chrome/143.0.0.0 Safari/537.36', '2026-01-03 15:59:56', '2026-01-03 15:59:56', '2026-01-03 23:59:56'),
('03099afef68bd7ab4ca4a8993873c203', 1, '180.190.142.242', 'Mozilla/5.0 (Windows NT 10.0; Win64; x64) AppleWebKit/537.36 (KHTML, like Gecko) Chrome/143.0.0.0 Safari/537.36', '2026-01-03 16:54:25', '2026-01-03 16:54:25', '2026-01-04 00:54:25'),
('036794ffb44c088fc9ea0cbf3de02c32', 1, '180.190.142.242', 'Mozilla/5.0 (Windows NT 10.0; Win64; x64) AppleWebKit/537.36 (KHTML, like Gecko) Chrome/143.0.0.0 Safari/537.36', '2026-01-03 16:31:39', '2026-01-03 16:31:39', '2026-01-04 00:31:39'),
('072cfe694450e7e6faeb29e824e9a425', 1, '180.190.142.242', 'Mozilla/5.0 (Windows NT 10.0; Win64; x64) AppleWebKit/537.36 (KHTML, like Gecko) Chrome/143.0.0.0 Safari/537.36', '2026-01-03 15:58:27', '2026-01-03 15:58:27', '2026-01-03 23:58:27'),
('0a3f6d2d9c6cb8538632a982e8657f5e', 1, '180.190.142.242', 'Mozilla/5.0 (Windows NT 10.0; Win64; x64) AppleWebKit/537.36 (KHTML, like Gecko) Chrome/143.0.0.0 Safari/537.36', '2026-01-03 17:26:55', '2026-01-03 17:26:55', '2026-01-04 01:26:55'),
('101abab45b87f318d4bf497c8c7eb13d', 12, '180.232.85.242', 'Mozilla/5.0 (Windows NT 10.0; Win64; x64) AppleWebKit/537.36 (KHTML, like Gecko) Chrome/143.0.0.0 Safari/537.36', '2026-01-05 09:25:47', '2026-01-05 09:25:47', '2026-01-05 17:25:47'),
('10d44cb29ab19e020160c5d2ea48b304', 12, '180.232.85.242', 'Mozilla/5.0 (Windows NT 10.0; Win64; x64) AppleWebKit/537.36 (KHTML, like Gecko) Chrome/143.0.0.0 Safari/537.36', '2026-01-05 11:10:45', '2026-01-05 11:10:45', '2026-01-05 19:10:45'),
('13704fd3e197877ee909dff579b8cf61', 12, '180.190.142.242', 'Mozilla/5.0 (Windows NT 10.0; Win64; x64) AppleWebKit/537.36 (KHTML, like Gecko) Chrome/143.0.0.0 Safari/537.36', '2026-01-02 03:38:55', '2026-01-02 03:38:55', '2026-01-03 03:38:55'),
('17ab8ccff980d8c05187b64783ef333e', 12, '180.232.85.242', 'Mozilla/5.0 (Windows NT 10.0; Win64; x64) AppleWebKit/537.36 (KHTML, like Gecko) Chrome/143.0.0.0 Safari/537.36', '2026-01-05 09:28:33', '2026-01-05 09:28:33', '2026-01-05 17:28:33'),
('18e6318bc53394d412e3c0a67e5d85bd', 12, '180.232.85.242', 'Mozilla/5.0 (Windows NT 10.0; Win64; x64) AppleWebKit/537.36 (KHTML, like Gecko) Chrome/143.0.0.0 Safari/537.36', '2026-01-05 09:27:06', '2026-01-05 09:27:06', '2026-01-05 17:27:06'),
('1bf5fbe31123a46596938cda85fc30d1', 5, '180.190.142.242', 'Mozilla/5.0 (Windows NT 10.0; Win64; x64) AppleWebKit/537.36 (KHTML, like Gecko) Chrome/143.0.0.0 Safari/537.36', '2025-12-29 04:53:08', '2025-12-29 04:53:08', '2025-12-30 04:53:08'),
('21d6e4217cfd0148b7b79b5a99b8de5d', 3, '180.190.142.242', 'Mozilla/5.0 (Windows NT 10.0; Win64; x64) AppleWebKit/537.36 (KHTML, like Gecko) Chrome/143.0.0.0 Safari/537.36', '2025-12-30 06:18:21', '2025-12-30 06:18:21', '2025-12-31 06:18:21'),
('29b7a8cb52e9bdceab249ab7bf77c97b', 12, '180.190.142.242', 'Mozilla/5.0 (Windows NT 10.0; Win64; x64) AppleWebKit/537.36 (KHTML, like Gecko) Chrome/143.0.0.0 Safari/537.36', '2026-01-02 05:04:06', '2026-01-02 05:04:06', '2026-01-03 05:04:06'),
('2c72edd2e53ee9df042c171b2e40d5a6', 13, '180.190.142.242', 'Mozilla/5.0 (Windows NT 10.0; Win64; x64) AppleWebKit/537.36 (KHTML, like Gecko) Chrome/143.0.0.0 Safari/537.36', '2026-01-04 15:47:52', '2026-01-04 15:47:52', '2026-01-04 23:47:52'),
('2q5063cvmqltajttgck8ocmk60', 3, '::1', 'Mozilla/5.0 (Windows NT 10.0; Win64; x64) AppleWebKit/537.36 (KHTML, like Gecko) Chrome/143.0.0.0 Safari/537.36', '2026-01-10 23:15:59', '2026-01-10 23:15:59', '2026-01-11 07:15:59'),
('31f4b4e708914e770fa691842747accc', 1, '180.190.142.242', 'Mozilla/5.0 (Windows NT 10.0; Win64; x64) AppleWebKit/537.36 (KHTML, like Gecko) Chrome/143.0.0.0 Safari/537.36', '2025-12-29 00:00:08', '2025-12-29 00:00:08', '2025-12-30 00:00:08'),
('350bc23570bed8ddcade4bf727f8d314', 4, '180.190.142.242', 'Mozilla/5.0 (Windows NT 10.0; Win64; x64) AppleWebKit/537.36 (KHTML, like Gecko) Chrome/143.0.0.0 Safari/537.36', '2026-01-02 04:53:55', '2026-01-02 04:53:55', '2026-01-03 04:53:55'),
('350d454db7056cc1d8edec408e7a4def', 2, '180.190.142.242', 'Mozilla/5.0 (Windows NT 10.0; Win64; x64) AppleWebKit/537.36 (KHTML, like Gecko) Chrome/143.0.0.0 Safari/537.36', '2026-01-04 22:06:41', '2026-01-04 22:06:41', '2026-01-05 06:06:41'),
('3683b4e36f0ef2f0250f977a0574b03b', 1, '180.190.142.242', 'Mozilla/5.0 (Windows NT 10.0; Win64; x64) AppleWebKit/537.36 (KHTML, like Gecko) Chrome/143.0.0.0 Safari/537.36', '2025-12-30 06:15:10', '2025-12-30 06:15:10', '2025-12-31 06:15:10'),
('3a9d8920230ebddf7ff37bc6bf541509', 1, '180.190.142.242', 'Mozilla/5.0 (Windows NT 10.0; Win64; x64) AppleWebKit/537.36 (KHTML, like Gecko) Chrome/143.0.0.0 Safari/537.36', '2026-01-02 05:14:37', '2026-01-02 05:14:37', '2026-01-03 05:14:37'),
('3afca264a6df9a056db778ef3edb7d56', 12, '180.190.142.242', 'Mozilla/5.0 (Windows NT 10.0; Win64; x64) AppleWebKit/537.36 (KHTML, like Gecko) Chrome/143.0.0.0 Safari/537.36', '2026-01-02 04:52:18', '2026-01-02 04:52:18', '2026-01-03 04:52:18'),
('45ktfueue6u4vl64k048ghbr4h', 16, '::1', 'Mozilla/5.0 (Windows NT 10.0; Win64; x64) AppleWebKit/537.36 (KHTML, like Gecko) Chrome/143.0.0.0 Safari/537.36', '2026-01-15 15:34:02', '2026-01-15 15:34:02', '2026-01-15 23:34:02'),
('47fb27cf2137678d96688041db160495', 12, '180.190.142.242', 'Mozilla/5.0 (Windows NT 10.0; Win64; x64) AppleWebKit/537.36 (KHTML, like Gecko) Chrome/143.0.0.0 Safari/537.36', '2026-01-04 18:58:04', '2026-01-04 18:58:04', '2026-01-05 02:58:04'),
('5098350f8506b8a9474cdd3d096b7479', 12, '180.190.142.242', 'Mozilla/5.0 (Windows NT 10.0; Win64; x64) AppleWebKit/537.36 (KHTML, like Gecko) Chrome/143.0.0.0 Safari/537.36', '2026-01-02 04:53:10', '2026-01-02 04:53:10', '2026-01-03 04:53:10'),
('53901d186633ff511f855211e5dcfe3c', 12, '180.232.85.242', 'Mozilla/5.0 (Windows NT 10.0; Win64; x64) AppleWebKit/537.36 (KHTML, like Gecko) Chrome/143.0.0.0 Safari/537.36', '2026-01-05 09:29:20', '2026-01-05 09:29:20', '2026-01-05 17:29:20'),
('57ab0e00082d7d5711092a32fcdc8005', 12, '180.232.85.242', 'Mozilla/5.0 (Windows NT 10.0; Win64; x64) AppleWebKit/537.36 (KHTML, like Gecko) Chrome/143.0.0.0 Safari/537.36', '2026-01-05 09:27:41', '2026-01-05 09:27:41', '2026-01-05 17:27:41'),
('59eeab22a602bc19cd1f72a5a4a915ce', 2, '180.190.142.242', 'Mozilla/5.0 (Windows NT 10.0; Win64; x64) AppleWebKit/537.36 (KHTML, like Gecko) Chrome/143.0.0.0 Safari/537.36', '2026-01-04 21:42:15', '2026-01-04 21:42:15', '2026-01-05 05:42:15'),
('5e107tclfp7a5qsnr44sgrs472', 2, '::1', 'Mozilla/5.0 (Windows NT 10.0; Win64; x64) AppleWebKit/537.36 (KHTML, like Gecko) Chrome/143.0.0.0 Safari/537.36', '2026-01-06 13:47:10', '2026-01-06 13:47:10', '2026-01-06 21:47:10'),
('5k6msr3mcjc359aaa2o3uc0gn3', 12, '::1', 'Mozilla/5.0 (Windows NT 10.0; Win64; x64) AppleWebKit/537.36 (KHTML, like Gecko) Chrome/144.0.0.0 Safari/537.36', '2026-01-17 18:53:12', '2026-01-17 18:53:12', '2026-01-18 02:53:12'),
('62625097c174b167b41f0bffdb237fd0', 2, '180.232.85.242', 'Mozilla/5.0 (Windows NT 10.0; Win64; x64) AppleWebKit/537.36 (KHTML, like Gecko) Chrome/143.0.0.0 Safari/537.36', '2026-01-05 11:11:49', '2026-01-05 11:11:49', '2026-01-05 19:11:49'),
('628f73393f0baf2301bd85c898f1bbf1', 12, '180.190.142.242', 'Mozilla/5.0 (Windows NT 10.0; Win64; x64) AppleWebKit/537.36 (KHTML, like Gecko) Chrome/143.0.0.0 Safari/537.36', '2026-01-03 16:00:25', '2026-01-03 16:00:25', '2026-01-04 00:00:25'),
('68f448b57c3b1c95002f33df59d86b45', 2, '180.190.142.242', 'Mozilla/5.0 (Windows NT 10.0; Win64; x64) AppleWebKit/537.36 (KHTML, like Gecko) Chrome/143.0.0.0 Safari/537.36', '2026-01-03 16:02:00', '2026-01-03 16:02:00', '2026-01-04 00:02:00'),
('6d6a0b923a0ab6634c630570456964d3', 2, '180.190.142.242', 'Mozilla/5.0 (Windows NT 10.0; Win64; x64) AppleWebKit/537.36 (KHTML, like Gecko) Chrome/143.0.0.0 Safari/537.36', '2025-12-30 06:18:42', '2025-12-30 06:18:42', '2025-12-31 06:18:42'),
('6dafe9f583ecacc2a6fb24622c236d1f', 5, '180.190.142.242', 'Mozilla/5.0 (Windows NT 10.0; Win64; x64) AppleWebKit/537.36 (KHTML, like Gecko) Chrome/143.0.0.0 Safari/537.36', '2025-12-29 02:54:32', '2025-12-29 02:54:32', '2025-12-30 02:54:32'),
('6fa2e86f15c0a16360b1bb36c58b4fdf', 7, '180.190.142.242', 'Mozilla/5.0 (Windows NT 10.0; Win64; x64) AppleWebKit/537.36 (KHTML, like Gecko) Chrome/143.0.0.0 Safari/537.36', '2025-12-29 06:55:25', '2025-12-29 06:55:25', '2025-12-30 06:55:25'),
('738v31g3tfcsi55luhnfbn0hiu', 16, '::1', 'Mozilla/5.0 (Windows NT 10.0; Win64; x64) AppleWebKit/537.36 (KHTML, like Gecko) Chrome/143.0.0.0 Safari/537.36', '2026-01-15 13:50:26', '2026-01-15 13:50:26', '2026-01-15 21:50:26'),
('78f42fedcb959918db74ce49bbf6b9f6', 2, '180.190.142.242', 'Mozilla/5.0 (Windows NT 10.0; Win64; x64) AppleWebKit/537.36 (KHTML, like Gecko) Chrome/143.0.0.0 Safari/537.36', '2026-01-04 21:55:45', '2026-01-04 21:55:45', '2026-01-05 05:55:45'),
('7f0ab0d288108ce06187754c9c849fcb', 3, '180.190.142.242', 'Mozilla/5.0 (Windows NT 10.0; Win64; x64) AppleWebKit/537.36 (KHTML, like Gecko) Chrome/143.0.0.0 Safari/537.36', '2025-12-29 06:07:22', '2025-12-29 06:07:22', '2025-12-30 06:07:22'),
('7un4t7q37djuv9uqc7nvn9am56', 16, '::1', 'Mozilla/5.0 (Windows NT 10.0; Win64; x64) AppleWebKit/537.36 (KHTML, like Gecko) Chrome/143.0.0.0 Safari/537.36', '2026-01-15 16:58:51', '2026-01-15 16:58:51', '2026-01-16 00:58:51'),
('8170af439bdfe8e7a1af6bf951d19c36', 3, '180.190.142.242', 'Mozilla/5.0 (Windows NT 10.0; Win64; x64) AppleWebKit/537.36 (KHTML, like Gecko) Chrome/143.0.0.0 Safari/537.36', '2026-01-03 16:02:36', '2026-01-03 16:02:36', '2026-01-04 00:02:36'),
('846585b0b7fed4e793ce9b6dd799e650', 12, '180.190.142.242', 'Mozilla/5.0 (Windows NT 10.0; Win64; x64) AppleWebKit/537.36 (KHTML, like Gecko) Chrome/143.0.0.0 Safari/537.36', '2026-01-02 01:00:14', '2026-01-02 01:00:14', '2026-01-03 01:00:14'),
('951fb24d9c1f5b647c9fc5cf3fce64de', 3, '180.190.142.242', 'Mozilla/5.0 (Windows NT 10.0; Win64; x64) AppleWebKit/537.36 (KHTML, like Gecko) Chrome/143.0.0.0 Safari/537.36', '2026-01-04 21:36:39', '2026-01-04 21:36:39', '2026-01-05 05:36:39'),
('9fd4d863459e1281ffb9fc9e6051c06c', 1, '180.190.142.242', 'Mozilla/5.0 (Windows NT 10.0; Win64; x64) AppleWebKit/537.36 (KHTML, like Gecko) Chrome/143.0.0.0 Safari/537.36', '2026-01-03 17:58:25', '2026-01-03 17:58:25', '2026-01-04 01:58:25'),
('a6819ee058f807d00d30a8351bd4bd60', 2, '180.190.142.242', 'Mozilla/5.0 (Windows NT 10.0; Win64; x64) AppleWebKit/537.36 (KHTML, like Gecko) Chrome/143.0.0.0 Safari/537.36', '2026-01-04 21:35:44', '2026-01-04 21:35:44', '2026-01-05 05:35:44'),
('ahicbe47qb0ogq6c12eimn1o3s', 16, '::1', 'Mozilla/5.0 (Windows NT 10.0; Win64; x64) AppleWebKit/537.36 (KHTML, like Gecko) Chrome/143.0.0.0 Safari/537.36', '2026-01-15 13:52:03', '2026-01-15 13:52:03', '2026-01-15 21:52:03'),
('aihcs0reenac3t42bam7s9a7jt', 7, '::1', 'Mozilla/5.0 (Windows NT 10.0; Win64; x64) AppleWebKit/537.36 (KHTML, like Gecko) Chrome/143.0.0.0 Safari/537.36', '2026-01-10 20:34:07', '2026-01-10 20:34:07', '2026-01-11 04:34:07'),
('b2bcd2e96cab08a58c6983b32a682b4e', 1, '180.190.142.242', 'Mozilla/5.0 (Windows NT 10.0; Win64; x64) AppleWebKit/537.36 (KHTML, like Gecko) Chrome/143.0.0.0 Safari/537.36', '2026-01-04 22:18:29', '2026-01-04 22:18:29', '2026-01-05 06:18:29'),
('b8281ad15af69854b4f1300fb18f75aa', 5, '180.190.142.242', 'Mozilla/5.0 (Windows NT 10.0; Win64; x64) AppleWebKit/537.36 (KHTML, like Gecko) Chrome/143.0.0.0 Safari/537.36', '2025-12-29 05:34:48', '2025-12-29 05:34:48', '2025-12-30 05:34:48'),
('c1213479c8340516e2aaa7253a0561df', 12, '180.190.142.242', 'Mozilla/5.0 (Windows NT 10.0; Win64; x64) AppleWebKit/537.36 (KHTML, like Gecko) Chrome/143.0.0.0 Safari/537.36', '2026-01-02 04:54:53', '2026-01-02 04:54:53', '2026-01-03 04:54:53'),
('c5241aaf0b77777572e7f44b014cee8b', 1, '180.190.142.242', 'Mozilla/5.0 (Windows NT 10.0; Win64; x64) AppleWebKit/537.36 (KHTML, like Gecko) Chrome/143.0.0.0 Safari/537.36', '2026-01-03 15:57:25', '2026-01-03 15:57:25', '2026-01-03 23:57:25'),
('d049193529e0b86eeb1fe23e5117bb27', 1, '103.21.12.210', 'Mozilla/5.0 (Windows NT 10.0; Win64; x64) AppleWebKit/537.36 (KHTML, like Gecko) Chrome/143.0.0.0 Safari/537.36', '2026-01-05 12:25:45', '2026-01-05 12:25:45', '2026-01-05 20:25:45'),
('dbaafbcd2d753130ef95f948cb3850b9', 1, '180.190.142.242', 'Mozilla/5.0 (Windows NT 10.0; Win64; x64) AppleWebKit/537.36 (KHTML, like Gecko) Chrome/143.0.0.0 Safari/537.36', '2026-01-03 16:13:45', '2026-01-03 16:13:45', '2026-01-04 00:13:45'),
('dff5df9b1a5548b79de7b97002116e5e', 12, '180.190.142.242', 'Mozilla/5.0 (Windows NT 10.0; Win64; x64) AppleWebKit/537.36 (KHTML, like Gecko) Chrome/143.0.0.0 Safari/537.36', '2026-01-03 16:07:18', '2026-01-03 16:07:18', '2026-01-04 00:07:18'),
('e4a9a74285be21f34c25dd1697d3cbeb', 5, '180.190.142.242', 'Mozilla/5.0 (Windows NT 10.0; Win64; x64) AppleWebKit/537.36 (KHTML, like Gecko) Chrome/143.0.0.0 Safari/537.36', '2025-12-29 03:26:38', '2025-12-29 03:26:38', '2025-12-30 03:26:38'),
('e75b2c1b6047924ec4d418dd8092baee', 2, '180.190.142.242', 'Mozilla/5.0 (Windows NT 10.0; Win64; x64) AppleWebKit/537.36 (KHTML, like Gecko) Chrome/143.0.0.0 Safari/537.36', '2026-01-04 21:40:34', '2026-01-04 21:40:34', '2026-01-05 05:40:34'),
('esupv87u779ha28kkf1jum8eq6', 16, '::1', 'Mozilla/5.0 (Windows NT 10.0; Win64; x64) AppleWebKit/537.36 (KHTML, like Gecko) Chrome/143.0.0.0 Safari/537.36', '2026-01-15 16:43:03', '2026-01-15 16:43:03', '2026-01-16 00:43:03'),
('etocjnlprd3hmmnrnvteheeobd', 12, '::1', 'Mozilla/5.0 (Windows NT 10.0; Win64; x64) AppleWebKit/537.36 (KHTML, like Gecko) Chrome/143.0.0.0 Safari/537.36', '2026-01-10 20:34:46', '2026-01-10 20:34:46', '2026-01-11 04:34:46'),
('f19sembdu6l2ai4h3pae837moh', 1, '::1', 'Mozilla/5.0 (Windows NT 10.0; Win64; x64) AppleWebKit/537.36 (KHTML, like Gecko) Chrome/143.0.0.0 Safari/537.36', '2026-01-05 22:24:17', '2026-01-05 22:24:17', '2026-01-06 06:24:17'),
('f48c8dec3f712f7e461e6c5b317d2c7c', 12, '180.190.142.242', 'Mozilla/5.0 (Windows NT 10.0; Win64; x64) AppleWebKit/537.36 (KHTML, like Gecko) Chrome/143.0.0.0 Safari/537.36', '2026-01-02 04:50:28', '2026-01-02 04:50:28', '2026-01-03 04:50:28'),
('f4fe7a7a4235c16ae88557f510c26e92', 7, '180.190.142.242', 'Mozilla/5.0 (Windows NT 10.0; Win64; x64) AppleWebKit/537.36 (KHTML, like Gecko) Chrome/143.0.0.0 Safari/537.36', '2025-12-30 06:44:56', '2025-12-30 06:44:56', '2025-12-31 06:44:56'),
('fd4be0ad7cf3b57714d5a31e933c4447', 12, '180.232.85.242', 'Mozilla/5.0 (Windows NT 10.0; Win64; x64) AppleWebKit/537.36 (KHTML, like Gecko) Chrome/143.0.0.0 Safari/537.36', '2026-01-05 09:25:23', '2026-01-05 09:25:23', '2026-01-05 17:25:23'),
('flv783j6vhu7hm3ndjptpn5osr', 12, '::1', 'Mozilla/5.0 (Windows NT 10.0; Win64; x64) AppleWebKit/537.36 (KHTML, like Gecko) Chrome/143.0.0.0 Safari/537.36', '2026-01-07 11:29:44', '2026-01-07 11:29:44', '2026-01-07 19:29:44'),
('igopj1iskoj8l78lmnv4d0j5r8', 1, '::1', 'Mozilla/5.0 (Windows NT 10.0; Win64; x64) AppleWebKit/537.36 (KHTML, like Gecko) Chrome/143.0.0.0 Safari/537.36', '2026-01-05 22:24:39', '2026-01-05 22:24:39', '2026-01-06 06:24:39'),
('ihln8nrrd0qpfdg0eprqaqpdio', 3, '::1', 'Mozilla/5.0 (Windows NT 10.0; Win64; x64) AppleWebKit/537.36 (KHTML, like Gecko) Chrome/143.0.0.0 Safari/537.36', '2026-01-15 20:37:28', '2026-01-15 20:37:28', '2026-01-16 04:37:28'),
('lm487fvr5j5n9mo5ou8f6q7esd', 3, '::1', 'Mozilla/5.0 (Windows NT 10.0; Win64; x64) AppleWebKit/537.36 (KHTML, like Gecko) Chrome/143.0.0.0 Safari/537.36', '2026-01-06 13:40:00', '2026-01-06 13:40:00', '2026-01-06 21:40:00'),
('mhogb89um8t77d6iqkaq69n5t0', 22, '::1', 'Mozilla/5.0 (Windows NT 10.0; Win64; x64) AppleWebKit/537.36 (KHTML, like Gecko) Chrome/144.0.0.0 Safari/537.36', '2026-01-17 20:52:38', '2026-01-17 20:52:38', '2026-01-18 04:52:38'),
('mm74a8ejtm6rkjm88sthahegr2', 16, '::1', 'Mozilla/5.0 (Windows NT 10.0; Win64; x64) AppleWebKit/537.36 (KHTML, like Gecko) Chrome/143.0.0.0 Safari/537.36', '2026-01-15 16:42:04', '2026-01-15 16:42:04', '2026-01-16 00:42:04'),
('ntph70pphqvph2q8ppcdvrfd49', 1, '::1', 'Mozilla/5.0 (Windows NT 10.0; Win64; x64) AppleWebKit/537.36 (KHTML, like Gecko) Chrome/143.0.0.0 Safari/537.36', '2026-01-07 19:25:08', '2026-01-07 19:25:08', '2026-01-08 03:25:08'),
('oqndabfsusnt31m56jho2srf1r', 1, '::1', 'Mozilla/5.0 (Windows NT 10.0; Win64; x64) AppleWebKit/537.36 (KHTML, like Gecko) Chrome/143.0.0.0 Safari/537.36', '2026-01-05 22:38:53', '2026-01-05 22:38:53', '2026-01-06 06:38:53'),
('os1mcekqfiokjlbadi91q5bgo2', 16, '::1', 'Mozilla/5.0 (Windows NT 10.0; Win64; x64) AppleWebKit/537.36 (KHTML, like Gecko) Chrome/143.0.0.0 Safari/537.36', '2026-01-15 16:18:59', '2026-01-15 16:18:59', '2026-01-16 00:18:59'),
('rovlu5eh46slqpfdd7cctl1ocj', 12, '::1', 'Mozilla/5.0 (Windows NT 10.0; Win64; x64) AppleWebKit/537.36 (KHTML, like Gecko) Chrome/144.0.0.0 Safari/537.36', '2026-01-18 22:34:26', '2026-01-18 22:34:26', '2026-01-19 06:34:26'),
('rqo42o3s6e2fk20la84prg6qbt', 1, '::1', 'Mozilla/5.0 (Windows NT 10.0; Win64; x64) AppleWebKit/537.36 (KHTML, like Gecko) Chrome/143.0.0.0 Safari/537.36', '2026-01-05 22:35:38', '2026-01-05 22:35:38', '2026-01-06 06:35:38'),
('rupgmesdp94ilrpmchm175aqcm', 1, '::1', 'Mozilla/5.0 (Windows NT 10.0; Win64; x64) AppleWebKit/537.36 (KHTML, like Gecko) Chrome/143.0.0.0 Safari/537.36', '2026-01-07 10:11:40', '2026-01-07 10:11:40', '2026-01-07 18:11:40'),
('uq5n458h6jminrs7jphpcu9pac', 1, '::1', 'Mozilla/5.0 (Windows NT 10.0; Win64; x64) AppleWebKit/537.36 (KHTML, like Gecko) Chrome/143.0.0.0 Safari/537.36', '2026-01-12 23:20:49', '2026-01-12 23:20:49', '2026-01-13 07:20:49'),
('us83vb5trb6a2kvf00ptr9pe9o', 2, '::1', 'Mozilla/5.0 (Windows NT 10.0; Win64; x64) AppleWebKit/537.36 (KHTML, like Gecko) Chrome/143.0.0.0 Safari/537.36', '2026-01-06 13:39:43', '2026-01-06 13:39:43', '2026-01-06 21:39:43'),
('vhclcqd22tm8g7e39ie5dvnmb0', 3, '::1', 'Mozilla/5.0 (Windows NT 10.0; Win64; x64) AppleWebKit/537.36 (KHTML, like Gecko) Chrome/143.0.0.0 Safari/537.36', '2026-01-06 12:08:40', '2026-01-06 12:08:40', '2026-01-06 20:08:40'),
('vrhrb00u4mu49p06p5hmgi2ekh', 12, '::1', 'Mozilla/5.0 (Windows NT 10.0; Win64; x64) AppleWebKit/537.36 (KHTML, like Gecko) Chrome/143.0.0.0 Safari/537.36', '2026-01-06 13:40:13', '2026-01-06 13:40:13', '2026-01-06 21:40:13');

-- --------------------------------------------------------

--
-- Table structure for table `vital_signs`
--

CREATE TABLE `vital_signs` (
  `vital_signs_id` int(11) NOT NULL,
  `user_id` int(11) NOT NULL,
  `medical_history` text NOT NULL,
  `allergies` text NOT NULL,
  `weight_kg` decimal(5,2) DEFAULT NULL,
  `height_cm` decimal(5,2) DEFAULT NULL,
  `systolic_pressure` int(11) DEFAULT NULL,
  `diastolic_pressure` int(11) DEFAULT NULL,
  `heart_rate` int(11) DEFAULT NULL,
  `temperature_celsius` decimal(4,2) DEFAULT NULL,
  `recorded_at` datetime NOT NULL DEFAULT current_timestamp()
) ENGINE=InnoDB DEFAULT CHARSET=utf8mb4 COLLATE=utf8mb4_unicode_ci;

--
-- Dumping data for table `vital_signs`
--

INSERT INTO `vital_signs` (`vital_signs_id`, `user_id`, `medical_history`, `allergies`, `weight_kg`, `height_cm`, `systolic_pressure`, `diastolic_pressure`, `heart_rate`, `temperature_celsius`, `recorded_at`) VALUES
(1, 12, '', '', 654.00, NULL, 45, 43, -12, 99.99, '2026-01-12 17:43:58');

-- --------------------------------------------------------

--
-- Stand-in structure for view `v_active_patients`
-- (See below for the actual view)
--
CREATE TABLE `v_active_patients` (
`user_id` int(11)
,`first_name` varchar(100)
,`last_name` varchar(100)
,`email` varchar(100)
,`contact_number` varchar(20)
,`identification_number` varchar(20)
,`dob` date
,`address` text
,`created_at` datetime
);

-- --------------------------------------------------------

--
-- Stand-in structure for view `v_todays_appointments`
-- (See below for the actual view)
--
CREATE TABLE `v_todays_appointments` (
`appointment_id` int(11)
,`appointment_date` datetime
,`appointment_status` enum('pending','scheduled','checked_in','in_consultation','completed','cancelled','no_show')
,`appointment_purpose` varchar(100)
,`patient_id` int(11)
,`patient_first_name` varchar(100)
,`patient_last_name` varchar(100)
,`doctor_user_id` int(11)
,`doctor_first_name` varchar(100)
,`doctor_last_name` varchar(100)
);

-- --------------------------------------------------------

--
-- Structure for view `v_active_patients`
--
DROP TABLE IF EXISTS `v_active_patients`;

CREATE ALGORITHM=UNDEFINED DEFINER=`root`@`localhost` SQL SECURITY DEFINER VIEW `v_active_patients`  AS SELECT `users`.`user_id` AS `user_id`, `users`.`first_name` AS `first_name`, `users`.`last_name` AS `last_name`, `users`.`email` AS `email`, `users`.`contact_number` AS `contact_number`, `users`.`identification_number` AS `identification_number`, `users`.`dob` AS `dob`, `users`.`address` AS `address`, `users`.`created_at` AS `created_at` FROM `users` WHERE `users`.`role` = 'patient' AND `users`.`is_active` = 1 AND `users`.`deleted_at` is null ;

-- --------------------------------------------------------

--
-- Structure for view `v_todays_appointments`
--
DROP TABLE IF EXISTS `v_todays_appointments`;

CREATE ALGORITHM=UNDEFINED DEFINER=`root`@`localhost` SQL SECURITY DEFINER VIEW `v_todays_appointments`  AS SELECT `a`.`appointment_id` AS `appointment_id`, `a`.`appointment_date` AS `appointment_date`, `a`.`appointment_status` AS `appointment_status`, `a`.`appointment_purpose` AS `appointment_purpose`, `a`.`user_id` AS `patient_id`, `pu`.`first_name` AS `patient_first_name`, `pu`.`last_name` AS `patient_last_name`, `a`.`doctor_user_id` AS `doctor_user_id`, `du`.`first_name` AS `doctor_first_name`, `du`.`last_name` AS `doctor_last_name` FROM ((`appointment` `a` join `users` `pu` on(`a`.`user_id` = `pu`.`user_id`)) left join `users` `du` on(`a`.`doctor_user_id` = `du`.`user_id`)) WHERE cast(`a`.`appointment_date` as date) = curdate() AND `a`.`deleted_at` is null ORDER BY `a`.`appointment_date` ASC ;

--
-- Indexes for dumped tables
--

--
-- Indexes for table `appointment`
--
ALTER TABLE `appointment`
  ADD PRIMARY KEY (`appointment_id`),
  ADD KEY `idx_date_status` (`appointment_date`,`appointment_status`),
  ADD KEY `idx_doctor_date` (`doctor_user_id`,`appointment_date`),
  ADD KEY `idx_date_range` (`appointment_date`,`deleted_at`),
  ADD KEY `appointment_fk_user` (`user_id`);

--
-- Indexes for table `audit_log`
--
ALTER TABLE `audit_log`
  ADD PRIMARY KEY (`audit_log_id`),
  ADD KEY `user_id` (`user_id`),
  ADD KEY `idx_table_record` (`table_name`,`record_id`);

--
-- Indexes for table `billing`
--
ALTER TABLE `billing`
  ADD PRIMARY KEY (`billing_id`),
  ADD KEY `idx_user_status` (`user_id`,`billing_status`),
  ADD KEY `idx_unpaid` (`billing_status`,`created_at`),
  ADD KEY `recorded_by_user_id` (`recorded_by_user_id`),
  ADD KEY `fk_billing_hmo` (`hmo_provider_id`);

--
-- Indexes for table `consultation`
--
ALTER TABLE `consultation`
  ADD PRIMARY KEY (`consultation_id`),
  ADD KEY `fk_cons_patient` (`user_id`),
  ADD KEY `fk_cons_doctor` (`doctor_user_id`),
  ADD KEY `consultation_fk_pregnancy` (`pregnancy_id`);

--
-- Indexes for table `documents`
--
ALTER TABLE `documents`
  ADD PRIMARY KEY (`document_id`),
  ADD KEY `idx_uploader` (`uploader_user_id`),
  ADD KEY `idx_patient` (`user_id`),
  ADD KEY `idx_category` (`category`);

--
-- Indexes for table `hmo_providers`
--
ALTER TABLE `hmo_providers`
  ADD PRIMARY KEY (`hmo_provider_id`),
  ADD UNIQUE KEY `short_code` (`short_code`);

--
-- Indexes for table `laboratory_test`
--
ALTER TABLE `laboratory_test`
  ADD PRIMARY KEY (`laboratory_test_id`),
  ADD KEY `consultation_id` (`consultation_id`),
  ADD KEY `idx_patient_status` (`user_id`,`status`),
  ADD KEY `idx_ordered` (`ordered_at`);

--
-- Indexes for table `messages`
--
ALTER TABLE `messages`
  ADD PRIMARY KEY (`message_id`),
  ADD KEY `idx_sender` (`sender_id`),
  ADD KEY `idx_receiver` (`receiver_id`),
  ADD KEY `idx_message_id` (`message_id`);

--
-- Indexes for table `notifications`
--
ALTER TABLE `notifications`
  ADD PRIMARY KEY (`notification_id`),
  ADD KEY `idx_user_unread` (`user_id`,`is_read`),
  ADD KEY `idx_created` (`created_at`);

--
-- Indexes for table `password_reset_tokens`
--
ALTER TABLE `password_reset_tokens`
  ADD PRIMARY KEY (`password_reset_token_id`),
  ADD UNIQUE KEY `uniq_token_hash` (`token_hash`),
  ADD KEY `idx_user_expires` (`user_id`,`expires_at`),
  ADD KEY `idx_expires` (`expires_at`);

--
-- Indexes for table `patient_queue`
--
ALTER TABLE `patient_queue`
  ADD PRIMARY KEY (`queue_id`),
  ADD KEY `fk_queue_appointment` (`appointment_id`),
  ADD KEY `fk_queue_patient` (`user_id`),
  ADD KEY `fk_queue_doctor` (`doctor_user_id`);

--
-- Indexes for table `payments`
--
ALTER TABLE `payments`
  ADD PRIMARY KEY (`payment_id`),
  ADD KEY `billing_id` (`billing_id`),
  ADD KEY `recorded_by` (`recorded_by`);

--
-- Indexes for table `pregnancies`
--
ALTER TABLE `pregnancies`
  ADD PRIMARY KEY (`pregnancy_id`),
  ADD UNIQUE KEY `unique_active_pregnancy` (`user_id`,`status`),
  ADD KEY `idx_edd` (`estimated_due_date`);

--
-- Indexes for table `prenatal_observations`
--
ALTER TABLE `prenatal_observations`
  ADD PRIMARY KEY (`observation_id`),
  ADD KEY `user_id` (`user_id`),
  ADD KEY `pregnancy_id` (`pregnancy_id`);

--
-- Indexes for table `prescription`
--
ALTER TABLE `prescription`
  ADD PRIMARY KEY (`prescription_id`),
  ADD KEY `fk_presc_patient` (`user_id`),
  ADD KEY `fk_presc_doctor` (`doctor_user_id`);

--
-- Indexes for table `promissory_notes`
--
ALTER TABLE `promissory_notes`
  ADD PRIMARY KEY (`promissory_note_id`),
  ADD KEY `fk_pn_billing` (`billing_id`),
  ADD KEY `fk_pn_user` (`user_id`);

--
-- Indexes for table `reminder_logs`
--
ALTER TABLE `reminder_logs`
  ADD PRIMARY KEY (`reminder_id`),
  ADD KEY `fk_rem_app` (`appointment_id`),
  ADD KEY `idx_appointment` (`appointment_id`),
  ADD KEY `idx_type_status` (`type`,`status`);

--
-- Indexes for table `staff_schedule`
--
ALTER TABLE `staff_schedule`
  ADD PRIMARY KEY (`schedule_id`),
  ADD KEY `fk_schedule_doctor` (`user_id`);

--
-- Indexes for table `system_settings`
--
ALTER TABLE `system_settings`
  ADD PRIMARY KEY (`setting_key`);

--
-- Indexes for table `users`
--
ALTER TABLE `users`
  ADD PRIMARY KEY (`user_id`),
  ADD UNIQUE KEY `username` (`username`),
  ADD UNIQUE KEY `email` (`email`),
  ADD UNIQUE KEY `identification_number` (`identification_number`),
  ADD KEY `idx_role_active` (`role`,`is_active`),
  ADD KEY `idx_deleted` (`deleted_at`);

--
-- Indexes for table `user_sessions`
--
ALTER TABLE `user_sessions`
  ADD PRIMARY KEY (`session_id`),
  ADD KEY `idx_user` (`user_id`),
  ADD KEY `idx_expires` (`expires_at`);

--
-- Indexes for table `vital_signs`
--
ALTER TABLE `vital_signs`
  ADD PRIMARY KEY (`vital_signs_id`),
  ADD KEY `idx_patient_time` (`user_id`,`recorded_at`);

--
-- AUTO_INCREMENT for dumped tables
--

--
-- AUTO_INCREMENT for table `appointment`
--
ALTER TABLE `appointment`
  MODIFY `appointment_id` int(11) NOT NULL AUTO_INCREMENT, AUTO_INCREMENT=12;

--
-- AUTO_INCREMENT for table `audit_log`
--
ALTER TABLE `audit_log`
  MODIFY `audit_log_id` int(11) NOT NULL AUTO_INCREMENT, AUTO_INCREMENT=1069;

--
-- AUTO_INCREMENT for table `billing`
--
ALTER TABLE `billing`
  MODIFY `billing_id` int(11) NOT NULL AUTO_INCREMENT, AUTO_INCREMENT=8;

--
-- AUTO_INCREMENT for table `consultation`
--
ALTER TABLE `consultation`
  MODIFY `consultation_id` int(11) NOT NULL AUTO_INCREMENT, AUTO_INCREMENT=2;

--
-- AUTO_INCREMENT for table `documents`
--
ALTER TABLE `documents`
  MODIFY `document_id` int(11) NOT NULL AUTO_INCREMENT, AUTO_INCREMENT=28;

--
-- AUTO_INCREMENT for table `hmo_providers`
--
ALTER TABLE `hmo_providers`
  MODIFY `hmo_provider_id` int(11) NOT NULL AUTO_INCREMENT, AUTO_INCREMENT=88;

--
-- AUTO_INCREMENT for table `laboratory_test`
--
ALTER TABLE `laboratory_test`
  MODIFY `laboratory_test_id` int(11) NOT NULL AUTO_INCREMENT, AUTO_INCREMENT=3;

--
-- AUTO_INCREMENT for table `messages`
--
ALTER TABLE `messages`
  MODIFY `message_id` int(11) NOT NULL AUTO_INCREMENT, AUTO_INCREMENT=28;

--
-- AUTO_INCREMENT for table `notifications`
--
ALTER TABLE `notifications`
  MODIFY `notification_id` int(11) NOT NULL AUTO_INCREMENT, AUTO_INCREMENT=2;

--
-- AUTO_INCREMENT for table `password_reset_tokens`
--
ALTER TABLE `password_reset_tokens`
  MODIFY `password_reset_token_id` int(11) NOT NULL AUTO_INCREMENT, AUTO_INCREMENT=31;

--
-- AUTO_INCREMENT for table `patient_queue`
--
ALTER TABLE `patient_queue`
  MODIFY `queue_id` int(11) NOT NULL AUTO_INCREMENT, AUTO_INCREMENT=5;

--
-- AUTO_INCREMENT for table `payments`
--
ALTER TABLE `payments`
  MODIFY `payment_id` int(11) NOT NULL AUTO_INCREMENT, AUTO_INCREMENT=5;

--
-- AUTO_INCREMENT for table `pregnancies`
--
ALTER TABLE `pregnancies`
  MODIFY `pregnancy_id` int(11) NOT NULL AUTO_INCREMENT, AUTO_INCREMENT=22;

--
-- AUTO_INCREMENT for table `prenatal_observations`
--
ALTER TABLE `prenatal_observations`
  MODIFY `observation_id` int(11) NOT NULL AUTO_INCREMENT, AUTO_INCREMENT=5;

--
-- AUTO_INCREMENT for table `prescription`
--
ALTER TABLE `prescription`
  MODIFY `prescription_id` int(11) NOT NULL AUTO_INCREMENT, AUTO_INCREMENT=2;

--
-- AUTO_INCREMENT for table `promissory_notes`
--
ALTER TABLE `promissory_notes`
  MODIFY `promissory_note_id` int(11) NOT NULL AUTO_INCREMENT;

--
-- AUTO_INCREMENT for table `reminder_logs`
--
ALTER TABLE `reminder_logs`
  MODIFY `reminder_id` int(11) NOT NULL AUTO_INCREMENT, AUTO_INCREMENT=6;

--
-- AUTO_INCREMENT for table `staff_schedule`
--
ALTER TABLE `staff_schedule`
  MODIFY `schedule_id` int(11) NOT NULL AUTO_INCREMENT, AUTO_INCREMENT=63;

--
-- AUTO_INCREMENT for table `users`
--
ALTER TABLE `users`
  MODIFY `user_id` int(11) NOT NULL AUTO_INCREMENT, AUTO_INCREMENT=25;

--
-- AUTO_INCREMENT for table `vital_signs`
--
ALTER TABLE `vital_signs`
  MODIFY `vital_signs_id` int(11) NOT NULL AUTO_INCREMENT, AUTO_INCREMENT=2;

--
-- Constraints for dumped tables
--

--
-- Constraints for table `appointment`
--
ALTER TABLE `appointment`
  ADD CONSTRAINT `appointment_fk_doctor` FOREIGN KEY (`doctor_user_id`) REFERENCES `users` (`user_id`) ON DELETE SET NULL,
  ADD CONSTRAINT `appointment_fk_user` FOREIGN KEY (`user_id`) REFERENCES `users` (`user_id`) ON DELETE CASCADE;

--
-- Constraints for table `audit_log`
--
ALTER TABLE `audit_log`
  ADD CONSTRAINT `audit_log_fk_user` FOREIGN KEY (`user_id`) REFERENCES `users` (`user_id`) ON DELETE SET NULL,
  ADD CONSTRAINT `audit_log_fk_user_hotfix` FOREIGN KEY (`user_id`) REFERENCES `users` (`user_id`) ON DELETE SET NULL;

--
-- Constraints for table `billing`
--
ALTER TABLE `billing`
  ADD CONSTRAINT `billing_ibfk_1` FOREIGN KEY (`user_id`) REFERENCES `users` (`user_id`) ON DELETE CASCADE,
  ADD CONSTRAINT `billing_ibfk_2` FOREIGN KEY (`recorded_by_user_id`) REFERENCES `users` (`user_id`) ON DELETE SET NULL,
  ADD CONSTRAINT `fk_billing_hmo` FOREIGN KEY (`hmo_provider_id`) REFERENCES `hmo_providers` (`hmo_provider_id`) ON DELETE SET NULL;

--
-- Constraints for table `consultation`
--
ALTER TABLE `consultation`
  ADD CONSTRAINT `consultation_fk_doctor` FOREIGN KEY (`doctor_user_id`) REFERENCES `users` (`user_id`) ON DELETE CASCADE,
  ADD CONSTRAINT `consultation_fk_pregnancy` FOREIGN KEY (`pregnancy_id`) REFERENCES `pregnancies` (`pregnancy_id`) ON DELETE SET NULL,
  ADD CONSTRAINT `consultation_fk_user` FOREIGN KEY (`user_id`) REFERENCES `users` (`user_id`) ON DELETE CASCADE;

--
-- Constraints for table `documents`
--
ALTER TABLE `documents`
  ADD CONSTRAINT `documents_fk_uploader` FOREIGN KEY (`uploader_user_id`) REFERENCES `users` (`user_id`) ON DELETE CASCADE,
  ADD CONSTRAINT `documents_fk_user` FOREIGN KEY (`user_id`) REFERENCES `users` (`user_id`) ON DELETE SET NULL;

--
-- Constraints for table `laboratory_test`
--
ALTER TABLE `laboratory_test`
  ADD CONSTRAINT `lab_test_fk_user` FOREIGN KEY (`user_id`) REFERENCES `users` (`user_id`) ON DELETE CASCADE,
  ADD CONSTRAINT `laboratory_test_ibfk_2` FOREIGN KEY (`consultation_id`) REFERENCES `consultation` (`consultation_id`) ON DELETE SET NULL;

--
-- Constraints for table `messages`
--
ALTER TABLE `messages`
  ADD CONSTRAINT `messages_fk_receiver` FOREIGN KEY (`receiver_id`) REFERENCES `users` (`user_id`) ON DELETE CASCADE,
  ADD CONSTRAINT `messages_fk_receiver_hotfix` FOREIGN KEY (`receiver_id`) REFERENCES `users` (`user_id`) ON DELETE CASCADE,
  ADD CONSTRAINT `messages_fk_sender` FOREIGN KEY (`sender_id`) REFERENCES `users` (`user_id`) ON DELETE CASCADE,
  ADD CONSTRAINT `messages_fk_sender_hotfix` FOREIGN KEY (`sender_id`) REFERENCES `users` (`user_id`) ON DELETE CASCADE;

--
-- Constraints for table `notifications`
--
ALTER TABLE `notifications`
  ADD CONSTRAINT `notifications_ibfk_1` FOREIGN KEY (`user_id`) REFERENCES `users` (`user_id`) ON DELETE CASCADE;

--
-- Constraints for table `password_reset_tokens`
--
ALTER TABLE `password_reset_tokens`
  ADD CONSTRAINT `prt_fk_user` FOREIGN KEY (`user_id`) REFERENCES `users` (`user_id`) ON DELETE CASCADE;

--
-- Constraints for table `patient_queue`
--
ALTER TABLE `patient_queue`
  ADD CONSTRAINT `fk_queue_appointment` FOREIGN KEY (`appointment_id`) REFERENCES `appointment` (`appointment_id`) ON DELETE CASCADE,
  ADD CONSTRAINT `queue_fk_doctor` FOREIGN KEY (`doctor_user_id`) REFERENCES `users` (`user_id`) ON DELETE SET NULL,
  ADD CONSTRAINT `queue_fk_user` FOREIGN KEY (`user_id`) REFERENCES `users` (`user_id`) ON DELETE CASCADE;

--
-- Constraints for table `payments`
--
ALTER TABLE `payments`
  ADD CONSTRAINT `payments_ibfk_1` FOREIGN KEY (`billing_id`) REFERENCES `billing` (`billing_id`),
  ADD CONSTRAINT `payments_ibfk_2` FOREIGN KEY (`recorded_by`) REFERENCES `users` (`user_id`);

--
-- Constraints for table `pregnancies`
--
ALTER TABLE `pregnancies`
  ADD CONSTRAINT `pregnancies_ibfk_1` FOREIGN KEY (`user_id`) REFERENCES `users` (`user_id`) ON DELETE CASCADE;

--
-- Constraints for table `prenatal_observations`
--
ALTER TABLE `prenatal_observations`
  ADD CONSTRAINT `prenatal_observations_ibfk_1` FOREIGN KEY (`user_id`) REFERENCES `users` (`user_id`) ON DELETE CASCADE,
  ADD CONSTRAINT `prenatal_observations_ibfk_2` FOREIGN KEY (`pregnancy_id`) REFERENCES `pregnancies` (`pregnancy_id`) ON DELETE CASCADE;

--
-- Constraints for table `prescription`
--
ALTER TABLE `prescription`
  ADD CONSTRAINT `prescription_fk_doctor` FOREIGN KEY (`doctor_user_id`) REFERENCES `users` (`user_id`) ON DELETE CASCADE,
  ADD CONSTRAINT `prescription_fk_user` FOREIGN KEY (`user_id`) REFERENCES `users` (`user_id`) ON DELETE CASCADE;

--
-- Constraints for table `promissory_notes`
--
ALTER TABLE `promissory_notes`
  ADD CONSTRAINT `fk_pn_billing` FOREIGN KEY (`billing_id`) REFERENCES `billing` (`billing_id`) ON DELETE CASCADE,
  ADD CONSTRAINT `fk_pn_user` FOREIGN KEY (`user_id`) REFERENCES `users` (`user_id`) ON DELETE CASCADE;

--
-- Constraints for table `reminder_logs`
--
ALTER TABLE `reminder_logs`
  ADD CONSTRAINT `fk_rem_app` FOREIGN KEY (`appointment_id`) REFERENCES `appointment` (`appointment_id`) ON DELETE CASCADE;

--
-- Constraints for table `staff_schedule`
--
ALTER TABLE `staff_schedule`
  ADD CONSTRAINT `schedule_fk_doctor` FOREIGN KEY (`user_id`) REFERENCES `users` (`user_id`) ON DELETE CASCADE;

--
-- Constraints for table `user_sessions`
--
ALTER TABLE `user_sessions`
  ADD CONSTRAINT `sessions_fk_user` FOREIGN KEY (`user_id`) REFERENCES `users` (`user_id`) ON DELETE CASCADE,
  ADD CONSTRAINT `sessions_fk_user_hotfix` FOREIGN KEY (`user_id`) REFERENCES `users` (`user_id`) ON DELETE CASCADE;

--
-- Constraints for table `vital_signs`
--
ALTER TABLE `vital_signs`
  ADD CONSTRAINT `vital_signs_fk_user` FOREIGN KEY (`user_id`) REFERENCES `users` (`user_id`) ON DELETE CASCADE;
COMMIT;

/*!40101 SET CHARACTER_SET_CLIENT=@OLD_CHARACTER_SET_CLIENT */;
/*!40101 SET CHARACTER_SET_RESULTS=@OLD_CHARACTER_SET_RESULTS */;
/*!40101 SET COLLATION_CONNECTION=@OLD_COLLATION_CONNECTION */;
